,2-aminoadipate_feat,2-aminoadipate_score,3-phosphoglycerate_feat,3-phosphoglycerate_score,alpha-glycerophosphate_feat,alpha-glycerophosphate_score,4-pyridoxate_feat,4-pyridoxate_score,aconitate_feat,aconitate_score,adenine_feat,adenine_score,adipate_feat,adipate_score,alpha-ketoglutarate_feat,alpha-ketoglutarate_score,AMP_feat,AMP_score,citrate_feat,citrate_score,isocitrate_feat,isocitrate_score,CMP_feat,CMP_score,cystathionine_feat,cystathionine_score,cytidine_feat,cytidine_score,dCMP_feat,dCMP_score,DHAP/glyceraldehyde 3P_feat,DHAP/glyceraldehyde 3P_score,erythrose-4-phosphate_feat,erythrose-4-phosphate_score,F1P/F6P/G1P/G6P_feat,F1P/F6P/G1P/G6P_score,hexoses (HILIC neg)_feat,hexoses (HILIC neg)_score,fumarate/maleate/alpha-ketoisovalerate_feat,fumarate/maleate/alpha-ketoisovalerate_score,glucuronate_feat,glucuronate_score,glutathione oxidized_feat,glutathione oxidized_score,glutathione reduced_feat,glutathione reduced_score,GMP_feat,GMP_score,guanosine_feat,guanosine_score,hippurate_feat,hippurate_score,hypoxanthine_feat,hypoxanthine_score,inosine_feat,inosine_score,kynurenine_feat,kynurenine_score,lactate_feat,lactate_score,lactose_feat,lactose_score,malate_feat,malate_score,NAD_feat,NAD_score,NADP_feat,NADP_score,oxalate_feat,oxalate_score,pantothenate_feat,pantothenate_score,PEP_feat,PEP_score,ribose-5-P/ribulose5-P_feat,ribose-5-P/ribulose5-P_score,sorbitol_feat,sorbitol_score,succinate/methylmalonate_feat,succinate/methylmalonate_score,sucrose_feat,sucrose_score,thymine_feat,thymine_score,UMP_feat,UMP_score,UDP-galactose/UDP-glucose_feat,UDP-galactose/UDP-glucose_score,uracil_feat,uracil_score,urate_feat,urate_score,uridine_feat,uridine_score,xanthine_feat,xanthine_score,taurocholate_feat,taurocholate_score,glycodeoxycholate/glycochenodeoxycholate_feat,glycodeoxycholate/glycochenodeoxycholate_score,taurodeoxycholate/taurochenodeoxycholate_feat,taurodeoxycholate/taurochenodeoxycholate_score,phosphocreatine_feat,phosphocreatine_score,3-methyladipate/pimelate_feat,3-methyladipate/pimelate_score,6-phosphogluconate_feat,6-phosphogluconate_score,alpha-hydroxybutyrate_feat,alpha-hydroxybutyrate_score,2-hydroxyglutarate_feat,2-hydroxyglutarate_score,inositol_feat,inositol_score,malondialdehyde_feat,malondialdehyde_score,glycine_feat,glycine_score,alanine_feat,alanine_score,serine_feat,serine_score,threonine_feat,threonine_score,methionine_feat,methionine_score,aspartate_feat,aspartate_score,glutamate_feat,glutamate_score,asparagine_feat,asparagine_score,glutamine_feat,glutamine_score,histidine_feat,histidine_score,arginine_feat,arginine_score,lysine_feat,lysine_score,valine_feat,valine_score,leucine_feat,leucine_score,isoleucine_feat,isoleucine_score,phenylalanine_feat,phenylalanine_score,tyrosine_feat,tyrosine_score,tryptophan_feat,tryptophan_score,proline_feat,proline_score,cis/trans-hydroxyproline_feat,cis/trans-hydroxyproline_score,ornithine_feat,ornithine_score,citrulline_feat,citrulline_score,taurine_feat,taurine_score,5-HIAA_feat,5-HIAA_score,serotonin_feat,serotonin_score,GABA_feat,GABA_score,acetylglycine_feat,acetylglycine_score,dimethylglycine_feat,dimethylglycine_score,homocysteine_feat,homocysteine_score,SDMA/ADMA_feat,SDMA/ADMA_score,NMMA_feat,NMMA_score,allantoin_feat,allantoin_score,anthranilic acid_feat,anthranilic acid_score,kynurenic acid_feat,kynurenic acid_score,5-adenosylhomocysteine_feat,5-adenosylhomocysteine_score,carnosine_feat,carnosine_score,N-carbamoyl-beta-alanine_feat,N-carbamoyl-beta-alanine_score,thiamine_feat,thiamine_score,niacinamide_feat,niacinamide_score,betaine_feat,betaine_score,choline_feat,choline_score,alpha-glycerophosphocholine_feat,alpha-glycerophosphocholine_score,acetylcholine_feat,acetylcholine_score,creatine_feat,creatine_score,creatinine_feat,creatinine_score,thyroxine_feat,thyroxine_score,trimethylamine-N-oxide_feat,trimethylamine-N-oxide_score,hexoses (HILIC pos)_feat,hexoses (HILIC pos)_score,adenosine_feat,adenosine_score,thymidine_feat,thymidine_score,xanthosine_feat,xanthosine_score,2-deoxyadenosine_feat,2-deoxyadenosine_score,2-deoxycytidine_feat,2-deoxycytidine_score,cAMP_feat,cAMP_score,cotinine_feat,cotinine_score,pipecolic acid_feat,pipecolic acid_score,pyroglutamic acid_feat,pyroglutamic acid_score,1-methylnicotinamide_feat,1-methylnicotinamide_score,butyrobetaine_feat,butyrobetaine_score,putrescine_feat,putrescine_score,methionine sulfoxide_feat,methionine sulfoxide_score,carnitine_feat,carnitine_score,acetylcarnitine_feat,acetylcarnitine_score,propionylcarnitine_feat,propionylcarnitine_score,malonylcarnitine_feat,malonylcarnitine_score,butyrylcarnitine/isobutyrylcarnitine_feat,butyrylcarnitine/isobutyrylcarnitine_score,valerylcarnitine/isovalerylcarnitine/2-methylbutyroylcarnitine_feat,valerylcarnitine/isovalerylcarnitine/2-methylbutyroylcarnitine_score,hexanoylcarnitine_feat,hexanoylcarnitine_score,heptanoylcarnitine_feat,heptanoylcarnitine_score,lauroylcarnitine_feat,lauroylcarnitine_score,myristoylcarnitine_feat,myristoylcarnitine_score,palmitoylcarnitine_feat,palmitoylcarnitine_score,stearoylcarnitine_feat,stearoylcarnitine_score,oleylcarnitine_feat,oleylcarnitine_score,arachidonyl_carnitine_feat,arachidonyl_carnitine_score,sarcosine_feat,sarcosine_score,beta-alanine_feat,beta-alanine_score,anserine_feat,anserine_score,C14:0 LPC_feat,C14:0 LPC_score,C16:1 LPC_feat,C16:1 LPC_score,C16:0 LPC_feat,C16:0 LPC_score,C18:2 LPC_feat,C18:2 LPC_score,C18:1 LPC_feat,C18:1 LPC_score,C18:0 LPC_feat,C18:0 LPC_score,C20:4 LPC_feat,C20:4 LPC_score,C20:3 LPC_feat,C20:3 LPC_score,C22:6 LPC_feat,C22:6 LPC_score,C16:0 LPE_feat,C16:0 LPE_score,C18:1 LPE_feat,C18:1 LPE_score,C18:0 LPE_feat,C18:0 LPE_score,C20:4 LPE_feat,C20:4 LPE_score,C22:6 LPE_feat,C22:6 LPE_score,C32:2 PC_feat,C32:2 PC_score,C32:1 PC_feat,C32:1 PC_score,C32:0 PC_feat,C32:0 PC_score,C34:4 PC_feat,C34:4 PC_score,C34:3 PC_feat,C34:3 PC_score,C34:2 PC_feat,C34:2 PC_score,C34:1 PC_feat,C34:1 PC_score,C36:4 PC-A_feat,C36:4 PC-A_score,C36:4 PC-B_feat,C36:4 PC-B_score,C36:3 PC_feat,C36:3 PC_score,C36:2 PC_feat,C36:2 PC_score,C36:1 PC_feat,C36:1 PC_score,C38:6 PC_feat,C38:6 PC_score,C38:5 PC_feat,C38:5 PC_score,C38:4 PC_feat,C38:4 PC_score,C38:2 PC_feat,C38:2 PC_score,C40:6 PC_feat,C40:6 PC_score,C14:0 SM_feat,C14:0 SM_score,C16:1 SM_feat,C16:1 SM_score,C16:0 SM_feat,C16:0 SM_score,C18:2 SM_feat,C18:2 SM_score,C18:1 SM_feat,C18:1 SM_score,C18:0 SM_feat,C18:0 SM_score,C22:1 SM_feat,C22:1 SM_score,C22:0 SM_feat,C22:0 SM_score,C24:1 SM_feat,C24:1 SM_score,C24:0 SM_feat,C24:0 SM_score,C34:2 DAG_feat,C34:2 DAG_score,C34:1 DAG_feat,C34:1 DAG_score,C36:2 DAG_feat,C36:2 DAG_score,C36:1 DAG_feat,C36:1 DAG_score,C14:0 CE_feat,C14:0 CE_score,C16:1 CE_feat,C16:1 CE_score,C16:0 CE_feat,C16:0 CE_score,C18:3 CE_feat,C18:3 CE_score,C18:2 CE_feat,C18:2 CE_score,C18:1 CE_feat,C18:1 CE_score,C18:0 CE_feat,C18:0 CE_score,C20:5 CE_feat,C20:5 CE_score,C20:4 CE_feat,C20:4 CE_score,C20:3 CE_feat,C20:3 CE_score,C22:6 CE_feat,C22:6 CE_score,C46:2 TAG_feat,C46:2 TAG_score,C46:1 TAG_feat,C46:1 TAG_score,C46:0 TAG_feat,C46:0 TAG_score,C48:3 TAG_feat,C48:3 TAG_score,C48:2 TAG_feat,C48:2 TAG_score,C48:1 TAG_feat,C48:1 TAG_score,C48:0 TAG_feat,C48:0 TAG_score,C50:3 TAG_feat,C50:3 TAG_score,C50:2 TAG_feat,C50:2 TAG_score,C50:1 TAG_feat,C50:1 TAG_score,C50:0 TAG_feat,C50:0 TAG_score,C52:5 TAG_feat,C52:5 TAG_score,C52:4 TAG_feat,C52:4 TAG_score,C52:3 TAG_feat,C52:3 TAG_score,C52:2 TAG_feat,C52:2 TAG_score,C52:1 TAG_feat,C52:1 TAG_score,C54:7 TAG_feat,C54:7 TAG_score,C54:6 TAG_feat,C54:6 TAG_score,C54:5 TAG_feat,C54:5 TAG_score,C54:4 TAG_feat,C54:4 TAG_score,C54:3 TAG_feat,C54:3 TAG_score,C54:2 TAG_feat,C54:2 TAG_score,C54:1 TAG_feat,C54:1 TAG_score,C56:8 TAG_feat,C56:8 TAG_score,C56:7 TAG_feat,C56:7 TAG_score,C56:6 TAG_feat,C56:6 TAG_score,C56:5 TAG_feat,C56:5 TAG_score,C56:4 TAG_feat,C56:4 TAG_score,C56:3 TAG_feat,C56:3 TAG_score,C56:2 TAG_feat,C56:2 TAG_score,C58:8 TAG_feat,C58:8 TAG_score,C58:7 TAG_feat,C58:7 TAG_score,C58:6 TAG_feat,C58:6 TAG_score
0,RCN2_PROT,2,TIFA_PROT,1,GPD2_PROT,5,AGAP1_PROT,2,TRIP6_PROT,4,TMEM87A_PROT,4,ANKRD13B_PROT,2,IKBIP_PROT,1,LAMC1_PROT,3,PTGFRN_PROT,0,PGK2_PROT,4,LAMC1_PROT,3,CBS_PROT,5,CDA_PROT,5,SMAP2_PROT,2,CAV2_PROT,4,MED6_PROT,1,PCYOX1_PROT,1,LAMC1_PROT,3,TRMT2A_PROT,1,IREB2_PROT,2,AKR1C1_PROT,5,AKR1C1_PROT,5,FAM193B_PROT,2,CNRIP1_PROT,2,LAMC1_PROT,3,PTGFRN_PROT,1,ABCA13_PROT,3,SAMHD1_PROT,4,GPX8_PROT,1,HOXD13_PROT,3,JMJD7_PROT,3,WWOX_PROT,4,AKR1C1_PROT,4,RCSD1_PROT,1,CD34_PROT,2,PKM_PROT,3,MTMR14_PROT,3,LAMC1_PROT,3,TULP4_PROT,2,ABLIM1_PROT,2,DPYD_PROT,2,LAMC1_PROT,3,WWOX_PROT,4,DPYD_PROT,5,LAMC1_PROT,1,TMEM66_PROT,1,WAS_PROT,2,HIST1H1B_PROT,3,TOM1L2_PROT,0,TM7SF3_PROT,3,APBB1IP_PROT,3,YDJC_PROT,1,SOX10_PROT,3,DNAAF2_PROT,3,SCRN3_PROT,1,NAMPT_PROT,4,NBEAL2_PROT,3,LAMP2_PROT,4,GPT2_PROT,3,C1orf198_PROT,3,CST3_PROT,4,DOCK2_PROT,1,S100A3_PROT,2,MYO5B_PROT,3,ADH4_PROT,3,GLS_PROT,3,LAMC1_PROT,3,LAMC1_PROT,1,TJP1_PROT,2,UACA_PROT,2,ICAM3_PROT,2,ICAM3_PROT,2,UACA_PROT,5,ICAM3_PROT,4,AGRN_PROT,4,FGD1_PROT,4,TF_PROT,4,STMN4_PROT,1,ASS1_PROT,4,SLC6A6_PROT,5,OGT_PROT,1,IDH1_PROT,2,SPINT2_PROT,5,ATP2A3_PROT,3,LAMB2_PROT,1,SLC7A6_PROT,0,LAMC1_PROT,3,LAMC1_PROT,3,LAMC1_PROT,3,KYNU_PROT,6,LAMC1_PROT,3,BTF3_PROT,2,LAMC1_PROT,4,DPYD_PROT,8,TJP1_PROT,2,DSG3_PROT,4,MPP5_PROT,1,APOA2_PROT,4,GPCPD1_PROT,7,SLC18B1_PROT,4,STMN4_PROT,3,LAMC1_PROT,3,TOR1AIP2_PROT,2,GUF1_PROT,3,CTNND1_PROT,0,NT5E_PROT,4,FZD7_PROT,4,RNASEH2C_PROT,2,ADA_PROT,6,CDA_PROT,6,TRAM1_PROT,0,PIK3R1_PROT,3,MRPL54_PROT,3,LAMC1_PROT,1,NNMT_PROT,6,MARVELD2_PROT,3,SELM_PROT,3,WAS_PROT,1,MARVELD2_PROT,4,AP2A2_PROT,1,POLR2L_PROT,2,FCHSD2_PROT,2,WDR20_PROT,2,IVD_PROT,4,SOAT1_PROT,3,LAMC1_PROT,3,SYTL1_PROT,4,BTN2A1_PROT,1,CPT1A_PROT,4,GPR161_PROT,2,CPT1A_PROT,3,LAMC1_PROT,2,TGM2_PROT,3,SLC6A6_PROT,6,LAMC1_PROT,4,ARHGAP21_PROT,1,MET_PROT,3,SLCO4A1_PROT,4,GFOD2_PROT,2,ACYP1_PROT,1,SLCO4A1_PROT,4,RUFY3_PROT,2,SLCO4A1_PROT,4,LCP2_PROT,2,ITGB1_PROT,3,ARHGAP21_PROT,5,ADIPOR2_PROT,5,CCDC117_PROT,2,ITGA2_PROT,1,TRMT5_PROT,3,PTRF_PROT,2,GPR126_PROT,3,MPP6_PROT,3,MTFR1_PROT,4,SERPINB9_PROT,2,NFATC3_PROT,2,MPRIP_PROT,2,YAP1_PROT,1,RGN_PROT,3,BAG5_PROT,2,APOA1_PROT,3,WAS_PROT,1,PTGFRN_PROT,2,YAP1_PROT,1,PTPRB_PROT,3,SLC1A4_PROT,4,CRKL_PROT,3,FHL2_PROT,2,PTPN6_PROT,1,HRAS_PROT,3,UBXN2B_PROT,3,CERS1_PROT,4,RGN_PROT,2,DCDC2_PROT,2,PLEK_PROT,1,RNF185_PROT,1,DNAJA4_PROT,2,OCIAD2_PROT,2,PLIN2_PROT,2,CLUH_PROT,3,FBXO2_PROT,2,WAS_PROT,2,WAS_PROT,2,CORO1A_PROT,2,WAS_PROT,2,WAS_PROT,2,IDH2_PROT,6,CORO1A_PROT,2,WAS_PROT,2,GPX8_PROT,4,GPX8_PROT,4,ACTN1_PROT,4,ITGB1_PROT,4,PVRL2_PROT,3,CANT1_PROT,3,CRTAP_PROT,3,ITGB1_PROT,4,ITGB1_PROT,4,CAV2_PROT,4,CRTAP_PROT,2,ITGB1_PROT,4,TOR1AIP2_PROT,1,SLC35F6_PROT,1,F2_PROT,3,PLIN2_PROT,4,PLIN2_PROT,4,UBE2G1_PROT,4,DOK3_PROT,2,DOK3_PROT,1,PIK3AP1_PROT,2,TSC22D4_PROT,1,PLIN2_PROT,4,RPIA_PROT,4,B3GALTL_PROT,3,CTNNA1_PROT,2,IKZF1_PROT,2,GNG12_PROT,1,WAS_PROT,0,WAS_PROT,0,PLIN2_PROT,5,B3GALTL_PROT,3,DOK3_PROT,0,YIPF6_PROT,2,DOK3_PROT,0
1,CKAP4_PROT,5,RGN_PROT,1,GNG12_PROT,2,GOT1_PROT,1,KLC1_PROT,3,MGST3_PROT,1,RFFL_PROT,0,ZFYVE16_PROT,2,TJP1_PROT,0,BTN3A3_PROT,2,TMEM248_PROT,2,HBA1_PROT,1,PARP4_PROT,1,SGPL1_PROT,2,RRAS_PROT,3,MYOF_PROT,1,RFC4_PROT,2,MRPL21_PROT,0,C19orf43_PROT,0,ZNF146_PROT,2,ACYP1_PROT,3,ALDH3A1_PROT,2,ARF6_PROT,1,LAMC1_PROT,1,CD63_PROT,4,HBA1_PROT,1,MRP63_PROT,0,MUC5AC_PROT,2,S100A1_PROT,2,OSBPL9_PROT,2,CTNND1_PROT,2,HAUS5_PROT,3,TIMELESS_PROT,3,SLC7A11_PROT,5,YAP1_PROT,1,EMB_PROT,5,ABCA13_PROT,0,NR2F1_PROT,1,AKR1B1_PROT,4,BTF3L4_PROT,1,HOXD13_PROT,3,ZNF691_PROT,2,HBA1_PROT,1,CASP9_PROT,3,TICAM2_PROT,2,COX15_PROT,1,SUMO3_PROT,1,LAMC1_PROT,3,OSBPL10_PROT,4,WAS_PROT,1,CD63_PROT,2,BICC1_PROT,4,PDIA5_PROT,0,EIF2AK4_PROT,2,AMT_PROT,4,L2HGDH_PROT,4,HSPB8_PROT,1,USH1C_PROT,3,SLC25A15_PROT,3,DCBLD1_PROT,3,MYO7B_PROT,3,ICAM3_PROT,1,AGRN_PROT,5,ME2_PROT,4,ARHGEF16_PROT,3,B4GALT2_PROT,2,AP1AR_PROT,3,45910_PROT_PROT,2,STMN4_PROT,2,CORO1A_PROT,2,TJP1_PROT,2,LAMC1_PROT,2,DOCK2_PROT,1,AGRN_PROT,4,LAMC1_PROT,2,TJP1_PROT,1,PNMA5_PROT,3,ADH4_PROT,4,MPRIP_PROT,0,STMN4_PROT,2,NQO2_PROT,1,NELFB_PROT,2,FABP1_PROT,2,SARG_PROT,3,ZMYND8_PROT,3,CSK_PROT,1,DBR1_PROT,1,45910_PROT_PROT,2,TICAM2_PROT,3,AFF4_PROT,2,MFF_PROT,1,PTPN6_PROT,3,TOR1B_PROT,2,WAS_PROT,2,CAV2_PROT,4,WAS_PROT,1,NBR1_PROT,4,GPN2_PROT,1,ASGR1_PROT,4,XRCC4_PROT,2,TRPV2_PROT,1,STS_PROT,3,CTNNA1_PROT,2,MPP5_PROT,1,ABCG1_PROT,0,TMEM106B_PROT,0,FZD8_PROT,1,TYMP_PROT,4,RRAS2_PROT,3,USP13_PROT,3,SAMHD1_PROT,4,PEO1_PROT,3,CABLES1_PROT,2,USP54_PROT,1,TJP1_PROT,1,WIBG_PROT,3,LLGL2_PROT,4,RNF14_PROT,3,RASSF2_PROT,1,KIAA1598_PROT,2,RPA3_PROT,1,CTNNA1_PROT,1,SOAT1_PROT,2,TMEM55A_PROT,3,TPD52L1_PROT,2,SEPHS2_PROT,2,GTF2I_PROT,4,ARHGAP31_PROT,3,NRAS_PROT,0,EIF2B5_PROT,0,JRKL_PROT,3,SYTL1_PROT,4,PVR_PROT,2,CELF1_PROT,3,LDB1_PROT,3,ITGAV_PROT,1,SERPINE1_PROT,2,A2M_PROT,2,CCDC126_PROT,1,ZSCAN18_PROT,3,45910_PROT_PROT,2,FNTB_PROT,3,PDE3B_PROT,2,C11orf68_PROT,0,LAMC1_PROT,2,ARHGAP21_PROT,4,CDH11_PROT,3,EFHD2_PROT,4,CHAC2_PROT,1,PDIA6_PROT,1,SERPINB9_PROT,2,KPNA1_PROT,3,KIAA1671_PROT,2,CRABP2_PROT,2,ERBB2IP_PROT,3,OLAH_PROT,1,ARL10_PROT,3,HP1BP3_PROT,2,MPRIP_PROT,2,PKP4_PROT,1,OLAH_PROT,0,LAMC1_PROT,0,ATP12A_PROT,0,CRLF3_PROT,1,FADS2_PROT,3,C19orf53_PROT,1,SLC7A6_PROT,1,LUC7L3_PROT,0,KIF1B_PROT,1,ARHGAP25_PROT,2,RRAS_PROT,3,CERS1_PROT,4,ISYNA1_PROT,1,RGS18_PROT,1,AIMP1_PROT,3,NR3C1_PROT,2,INPP5B_PROT,1,PTGES3_PROT,1,PDK2_PROT,3,ADAM15_PROT,3,CELSR2_PROT,2,CRTAP_PROT,1,PTPN6_PROT,4,DOK3_PROT,2,PTPN6_PROT,3,CORO1A_PROT,2,CORO1A_PROT,1,GPX8_PROT,1,LRMP_PROT,2,LRMP_PROT,2,ITGB1_PROT,4,CRTAP_PROT,2,PNPLA2_PROT,3,CRTAP_PROT,4,ITGB1_PROT,4,SERPINA2P_PROT,3,CAV2_PROT,5,CMTM6_PROT,4,AARSD1_PROT,2,CMTM6_PROT,2,SORD_PROT,3,CMTM6_PROT,3,ITGB1_PROT,1,DCAF7_PROT,3,DCAF7_PROT,3,CAV2_PROT,3,TWSG1_PROT,2,PLIN2_PROT,2,ARHGAP25_PROT,1,ICAM3_PROT,1,ZFYVE16_PROT,2,CSNK1E_PROT,2,SLC12A4_PROT,3,CRTAP_PROT,2,DNAJC9_PROT,1,LAMB2_PROT,1,LIMD2_PROT,2,WAS_PROT,0,FADS2_PROT,4,FADS2_PROT,4,FKBP5_PROT,4,PLIN2_PROT,4,MAP4K1_PROT,0,SPN_PROT,1,ARHGAP15_PROT,1
2,ADCY10_PROT,2,VPS4B_PROT,3,SLC35F6_PROT,1,MPZ_PROT,1,USP5_PROT,2,ZNF74_PROT,1,AKAP4_PROT,1,BAG1_PROT,0,AGRN_PROT,1,JMJD7_PROT,3,MUC13_PROT,1,LCP2_PROT,1,LSM14B_PROT,1,MCU_PROT,3,ILKAP_PROT,2,ACAA2_PROT,4,ABHD6_PROT,3,BCL2L11_PROT,3,AGRN_PROT,2,MEIS1_PROT,1,MCM5_PROT,0,AKR1C2_PROT,4,AKR1C2_PROT,4,LCP2_PROT,1,MYO5A_PROT,4,RASAL2_PROT,3,CDC42BPA_PROT,2,SPAG9_PROT,2,TSPO_PROT,0,CAV1_PROT,1,PCDH7_PROT,1,BTN3A3_PROT,3,HERC6_PROT,3,AKR1C2_PROT,4,YIPF6_PROT,1,TP63_PROT,4,TOMM20_PROT,1,LAMC1_PROT,0,TBCA_PROT,2,RHOG_PROT,1,DPF2_PROT,3,SIRT6_PROT,1,RASAL2_PROT,3,AGPS_PROT,3,AFF4_PROT,3,LRBA_PROT,2,ERAL1_PROT,0,C19orf43_PROT,2,PSMG3_PROT,1,CLDND1_PROT,1,RNF13_PROT,4,NCKAP1_PROT,1,ALDH16A1_PROT,2,ZNF219_PROT,1,SLC25A17_PROT,3,SERPINF1_PROT,2,KYNU_PROT,1,AMOTL1_PROT,4,ALAS1_PROT,4,STOM_PROT,3,ATG9A_PROT,0,UACA_PROT,1,ITGAV_PROT,2,MUC13_PROT,1,EPS8L1_PROT,3,TF_PROT,4,GTF2I_PROT,4,TICAM2_PROT,2,PPFIBP1_PROT,2,AGRN_PROT,2,TSC22D4_PROT,2,NCF1B_PROT,1,LDLR_PROT,2,TJP1_PROT,2,ITGAV_PROT,1,TSC22D4_PROT,3,KLHL25_PROT,0,COL1A1_PROT,0,HOXC13_PROT,0,PDCD4_PROT,2,AQP5_PROT,3,HAUS3_PROT,1,OGT_PROT,3,EPCAM_PROT,4,PTPN6_PROT,2,ITGAV_PROT,1,ZSCAN26_PROT,1,YARS_PROT,0,NCF1B_PROT,2,CTNNA1_PROT,0,SNPH_PROT,2,TJP1_PROT,3,KATNA1_PROT,2,AGRN_PROT,2,PTRF_PROT,3,ICAM3_PROT,1,ESCO2_PROT,2,RUFY3_PROT,1,ADCY10_PROT,2,COTL1_PROT,1,IGFN1_PROT,0,SNX21_PROT,3,TJP1_PROT,0,TRIP11_PROT,1,GOLM1_PROT,1,TSC22D4_PROT,1,LRRC4B_PROT,0,ARHGAP25_PROT,2,GOLGA4_PROT,4,SAMHD1_PROT,2,CEND1_PROT,4,ALDH9A1_PROT,3,BMS1_PROT,2,EEPD1_PROT,4,SLC25A24_PROT,4,C15orf52_PROT,2,NDUFB4_PROT,0,LOXL3_PROT,4,LAMC1_PROT,2,DOK3_PROT,1,LLGL2_PROT,2,TADA2A_PROT,3,RPA3_PROT,0,CRAT_PROT,3,IFRD2_PROT,4,SYTL1_PROT,3,ZFP36L2_PROT,1,PLEKHF2_PROT,3,CNTNAP1_PROT,1,NRAS_PROT,0,CPT1A_PROT,4,SLC25A20_PROT,2,RCSD1_PROT,1,ACLY_PROT,0,SLC7A11_PROT,0,AGRN_PROT,2,STARD13_PROT,0,LGALSL_PROT,1,PDE3B_PROT,1,ZBTB7A_PROT,3,RGS14_PROT,1,TRIM47_PROT,2,MGAT1_PROT,2,SEMA4B_PROT,2,ANXA1_PROT,1,ARHGAP42_PROT,2,NRP1_PROT,2,FAM207A_PROT,3,CACFD1_PROT,2,ARHGAP29_PROT,3,SMPDL3A_PROT,2,PLAUR_PROT,4,ITPA_PROT,2,NT5E_PROT,2,C5_PROT,3,MPPED2_PROT,2,PVRL2_PROT,3,CCRN4L_PROT,3,GNG12_PROT,0,TEAD1_PROT,1,DCDC2_PROT,2,ATP6V0D2_PROT,1,MYO1C_PROT,1,DNAAF2_PROT,1,CRLF3_PROT,1,GSTZ1_PROT,1,FADS2_PROT,3,FHL2_PROT,3,PLP2_PROT,1,ABRACL_PROT,2,PAK2_PROT,1,TLR9_PROT,2,LMTK2_PROT,0,DAPL1_PROT,1,BAG5_PROT,0,IWS1_PROT,1,APOL3_PROT,0,PHYH_PROT,2,GK_PROT,2,MID1IP1_PROT,3,PRMT1_PROT,1,FKBP14_PROT,1,LAMC1_PROT,3,ARHGDIB_PROT,2,LAMC1_PROT,2,PTPN6_PROT,3,PTPN6_PROT,4,RGS14_PROT,0,LMNA_PROT,2,ARHGAP25_PROT,3,CRTAP_PROT,4,PTRF_PROT,3,KIRREL_PROT,4,CMTM6_PROT,1,GALK1_PROT,3,PNPLA2_PROT,3,PNPLA2_PROT,3,CRTAP_PROT,3,CLDND1_PROT,3,TWSG1_PROT,1,TWSG1_PROT,1,EGFR_PROT,1,UFC1_PROT,0,CALD1_PROT,3,SLC35F6_PROT,1,ASGR2_PROT,2,TPBG_PROT,2,CELSR2_PROT,4,RAB13_PROT,4,HBA1_PROT,1,ITM2B_PROT,0,FZD6_PROT,3,WIBG_PROT,1,B3GALTL_PROT,1,TOR1AIP2_PROT,1,LMNA_PROT,0,KIAA1143_PROT,1,MAP4K1_PROT,2,IKZF1_PROT,1,CSNK1E_PROT,3,B3GALTL_PROT,0,RPIA_PROT,4,SPN_PROT,0,DOK3_PROT,0,WAS_PROT,1
3,SEMA6A_PROT,4,HBA1_PROT,2,FAM98A_PROT,1,MRPS27_PROT,2,C1orf123_PROT,2,FABP5_PROT,1,PRODH2_PROT,3,CNN2_PROT,3,MPP5_PROT,0,GIPC2_PROT,2,IDH1_PROT,3,CTNND1_PROT,2,TAPBP_PROT,0,CBFB_PROT,2,HBS1L_PROT,2,RRAS_PROT,1,SASS6_PROT,1,HSPA5_PROT,2,TOR1B_PROT,2,TMEM63B_PROT,2,LTBR_PROT,1,CYP4F11_PROT,4,SLC7A11_PROT,3,TJP1_PROT,1,SOX10_PROT,5,ENSA_PROT,2,TSPYL2_PROT,0,SNX19_PROT,0,CHD2_PROT,0,P4HA1_PROT,2,CLIC3_PROT,3,TMEM63B_PROT,3,FSTL1_PROT,4,AKR1B10_PROT,4,MYO1C_PROT,0,PRKAR2B_PROT,3,F5_PROT,0,DOCK2_PROT,0,AGRN_PROT,1,DOPEY1_PROT,2,LAMP5_PROT,3,ENPP4_PROT,3,HNRNPD_PROT,2,FSTL1_PROT,4,ENSA_PROT,2,MAPK14_PROT,2,MRPL19_PROT,1,FKBP9_PROT,2,ADAL_PROT,2,HGD_PROT,2,APOA2_PROT,4,CKMT1A_PROT,3,CCNH_PROT,0,SPG11_PROT,1,LUZP1_PROT,0,GTF2I_PROT,2,PLXNA1_PROT,2,CRAT_PROT,3,PALD1_PROT,3,PKP4_PROT,0,ACVR2A_PROT,4,GOLIM4_PROT,4,ICAM3_PROT,2,FNDC1_PROT,1,CDH1_PROT,4,PAPD7_PROT,3,TNRC6B_PROT,2,PTPN6_PROT,1,SLC39A14_PROT,4,ITGAV_PROT,2,FGD3_PROT,1,45910_PROT_PROT,2,FBXO42_PROT,3,CORO1A_PROT,2,DOCK2_PROT,0,AFF4_PROT,1,MTHFD2_PROT,1,TMUB1_PROT,0,HADHB_PROT,3,YARS_PROT,1,SLC38A2_PROT,4,ARID3A_PROT,1,FABP2_PROT,1,SEMA4D_PROT,2,USP4_PROT,3,LAMC1_PROT,1,LDB1_PROT,1,MPP5_PROT,1,WAS_PROT,1,TJP1_PROT,0,LRRC40_PROT,1,TSPAN6_PROT,1,VGLL4_PROT,2,45910_PROT_PROT,2,DCK_PROT,0,NCF4_PROT,2,ADH4_PROT,4,STMN4_PROT,1,NDUFA12_PROT,3,PFKP_PROT,2,CERS4_PROT,4,CDC42BPB_PROT,1,CORO1A_PROT,0,ARHGAP25_PROT,2,SMYD5_PROT,0,WIBG_PROT,1,NFRKB_PROT,3,PODXL_PROT,5,GSTCD_PROT,1,CA14_PROT,0,NRIP1_PROT,0,GATA3_PROT,2,ETV6_PROT,0,TRIM6-TRIM34_PROT,2,MPP5_PROT,0,DCAF7_PROT,1,NDUFA4_PROT,1,PUM1_PROT,1,DOCK2_PROT,1,PLXNA1_PROT,1,VWA8_PROT,1,MEF2A_PROT,0,OSGEPL1_PROT,2,ATM_PROT,0,ARVCF_PROT,0,ZBTB45_PROT,3,RAB23_PROT,2,DOPEY2_PROT,2,TNFRSF10B_PROT,2,BTF3L4_PROT,1,BTF3L4_PROT,1,B4GALT4_PROT,2,MYO1C_PROT,1,XIRP1_PROT,2,LRRC7_PROT,0,DPH1_PROT,4,ZNF518A_PROT,1,GBA2_PROT,2,ST3GAL6_PROT,2,METTL14_PROT,2,RASGRP2_PROT,1,HSD17B1_PROT,4,INPP4A_PROT,2,FNTB_PROT,2,PTPN6_PROT,2,NRP1_PROT,4,ITGB1_PROT,3,CERS4_PROT,0,CEP89_PROT,3,FAM65A_PROT,3,ACOX1_PROT,2,POC1B-GALNT4_PROT,0,DUT_PROT,1,GATA2_PROT,1,SPRR3_PROT,2,MKS1_PROT,2,AKR1A1_PROT,1,TJP1_PROT,3,CRLF3_PROT,1,UACA_PROT,1,SEC13_PROT,2,ADRBK1_PROT,1,GPX1_PROT,1,RASAL3_PROT,1,YIPF6_PROT,2,TGFBR3_PROT,1,YAP1_PROT,1,PHYHIPL_PROT,2,ARHGAP10_PROT,2,SSH3_PROT,4,MTHFSD_PROT,3,F8_PROT,2,GALT_PROT,1,MPRIP_PROT,1,OSBPL6_PROT,2,GMCL1P1_PROT,0,TTC26_PROT,0,EIF4EBP1_PROT,0,LARP1_PROT,2,MCM3AP_PROT,1,RAB13_PROT,0,MPHOSPH10_PROT,1,CORO1A_PROT,2,RGS14_PROT,0,LCP2_PROT,3,RNASEH2C_PROT,3,CTTN_PROT,1,PTDSS2_PROT,3,GNG12_PROT,2,ITGAV_PROT,1,CORO1A_PROT,1,CORO1A_PROT,2,CANT1_PROT,4,ACTN1_PROT,4,CHMP4A_PROT,2,LEPRE1_PROT,2,CAV1_PROT,3,CD151_PROT,2,HDAC4_PROT,2,CAV1_PROT,3,CAV1_PROT,4,ITGA3_PROT,2,AARSD1_PROT,0,FKBP9_PROT,1,MYO1C_PROT,3,TWSG1_PROT,1,CRIM1_PROT,4,B3GALTL_PROT,3,FERMT3_PROT,0,RAB13_PROT,1,CNTRL_PROT,1,PIK3AP1_PROT,2,TWSG1_PROT,2,PLIN2_PROT,5,RPIA_PROT,4,WAS_PROT,1,RAB13_PROT,0,RCSD1_PROT,1,TSC22D4_PROT,0,GIPC1_PROT,1,PIK3AP1_PROT,1,RAB13_PROT,1,LIMD2_PROT,1,ZFYVE16_PROT,2,MAP4K1_PROT,0
4,TNC_PROT,3,LAMC1_PROT,0,IQGAP1_PROT,2,RAB44_PROT,0,PEX10_PROT,3,KLHL18_PROT,3,MCEE_PROT,1,FGD1_PROT,3,C19orf43_PROT,1,HAUS5_PROT,3,DGKZ_PROT,1,C19orf43_PROT,0,WASF1_PROT,0,ESD_PROT,1,LAMB4_PROT,2,PTRF_PROT,1,BRD9_PROT,0,PIK3C2A_PROT,2,GPC1_PROT,0,ATP5A1_PROT,0,TCF4_PROT,1,SLC25A24_PROT,1,AKR1D1_PROT,3,CTNND1_PROT,2,CAMK4_PROT,2,DNAJC9_PROT,1,XXYLT1_PROT,0,STX7_PROT,3,L2HGDH_PROT,2,CAV2_PROT,3,TMEM56_PROT,0,OTUD4_PROT,0,CASP9_PROT,3,ALDH3A1_PROT,3,LAMB2_PROT,0,CD4_PROT,1,NPNT_PROT,2,ENO3_PROT,0,CYP2J2_PROT,2,RANBP6_PROT,2,RASSF5_PROT,3,PRRC1_PROT,1,C19orf43_PROT,0,RPA2_PROT,0,CRTC2_PROT,2,HEG1_PROT,2,MRPL44_PROT,0,ARHGDIB_PROT,4,DMD_PROT,0,TOR1AIP2_PROT,0,LIPA_PROT,3,CBFB_PROT,1,MRPS21_PROT,0,MAGED2_PROT,1,CRIPT_PROT,1,SRGAP2_PROT,1,BPGM_PROT,1,DNPEP_PROT,1,IFI16_PROT,3,G6PD_PROT,0,TCEB3_PROT,0,TMEM41B_PROT,1,LAMC1_PROT,1,CD34_PROT,0,CKMT1A_PROT,1,PTMA_PROT,2,VKORC1L1_PROT,1,LRMP_PROT,1,AFP_PROT,2,VMP1_PROT,4,AGRN_PROT,1,DOCK2_PROT,0,NCF1B_PROT,1,LAMC1_PROT,1,MYO7B_PROT,2,ICAM3_PROT,0,PLA2G7_PROT,3,FAT4_PROT,2,ST13_PROT,1,MAPK14_PROT,2,EPC1_PROT,2,LOXL2_PROT,1,APBA1_PROT,4,DSG2_PROT,3,DOCK1_PROT,1,TMEM163_PROT,3,MRPL30_PROT,1,RCSD1_PROT,3,RCSD1_PROT,2,MPP5_PROT,1,HIRA_PROT,1,RCSD1_PROT,2,PIK3R3_PROT,0,RRAS_PROT,1,COL4A5_PROT,0,LRP11_PROT,1,ANXA9_PROT,0,GMFG_PROT,0,AFP_PROT,3,USP54_PROT,1,EDAR_PROT,2,EPN2_PROT,1,RASSF2_PROT,0,PTPN6_PROT,1,TPRN_PROT,2,BTF3_PROT,1,AKR1B15_PROT,0,SAMHD1_PROT,4,CORO6_PROT,0,CENPK_PROT,0,SRXN1_PROT,1,PHYKPL_PROT,0,MRPS2_PROT,0,FILIP1L_PROT,1,HBA1_PROT,2,PPA1_PROT,2,KIAA1598_PROT,1,XYLB_PROT,3,CTNNA1_PROT,1,BAIAP2L1_PROT,1,KIAA1598_PROT,0,ZFYVE16_PROT,4,SEPHS2_PROT,2,MERTK_PROT,2,PKP2_PROT,1,ARSK_PROT,2,NBR1_PROT,0,ZNF655_PROT,0,GRK6_PROT,1,MYO1F_PROT,1,AIF1_PROT,0,APOBR_PROT,0,AGO1_PROT,2,CGNL1_PROT,0,DCAF7_PROT,2,USP6NL_PROT,3,PRKCD_PROT,2,MT1G_PROT,1,MFAP3_PROT,1,HSPBAP1_PROT,1,LAMC1_PROT,0,EVI5L_PROT,0,VAV1_PROT,1,PDE2A_PROT,1,MEPCE_PROT,1,PHF1_PROT,3,TMEM43_PROT,2,YY1AP1_PROT,1,ABCA13_PROT,2,ITGB4_PROT,2,PRKCA_PROT,2,SNX7_PROT,3,HAUS1_PROT,1,MINOS1_PROT,1,DTD1_PROT,2,KPNA1_PROT,3,STMN1_PROT,1,TAF12_PROT,3,KDM4A_PROT,3,MPRIP_PROT,2,VPREB1_PROT,2,DNAJC9_PROT,0,DCK_PROT,0,PKP4_PROT,1,CRIPT_PROT,2,ABCC6_PROT,2,CTNNA1_PROT,0,IDH1_PROT,1,FAM126A_PROT,0,POLR2E_PROT,0,KLHDC7A_PROT,1,CPVL_PROT,0,H1FX_PROT,1,GIPC1_PROT,1,PTK2B_PROT,3,CERS6_PROT,0,ILF3_PROT,1,RPS25_PROT,0,ACACB_PROT,2,BTF3L4_PROT,2,BUB1B_PROT,0,CNOT1_PROT,1,ARHGAP25_PROT,2,DOCK2_PROT,1,CORO6_PROT,2,LAMC1_PROT,2,DOK3_PROT,1,VRK3_PROT,2,BCAP29_PROT,1,GPC1_PROT,2,OSMR_PROT,0,DCBLD2_PROT,0,PTRF_PROT,2,CD151_PROT,3,CLDND1_PROT,3,CRTAP_PROT,0,CYR61_PROT,4,CLDND1_PROT,3,MIEN1_PROT,3,PLIN2_PROT,4,CMTM6_PROT,3,GNB3_PROT,3,ACACA_PROT,3,F2_PROT,2,CNTRL_PROT,1,FAR1_PROT,3,ITGA3_PROT,3,CRTAP_PROT,3,ICAM3_PROT,0,RNF141_PROT,1,DNAJC9_PROT,1,PLIN2_PROT,3,PIK3AP1_PROT,0,LAMB2_PROT,1,EFCAB4B_PROT,3,IKZF1_PROT,2,IRF2_PROT,2,IKZF1_PROT,2,DNAJC9_PROT,0,MICALL1_PROT,4,CAMSAP2_PROT,3,ANTXR1_PROT,2,KIAA1143_PROT,1,SLC7A1_PROT,4,TSC22D4_PROT,0
5,SMARCD3_PROT,3,KIAA0319L_PROT,0,PHLDA1_PROT,4,DTWD2_PROT,0,C3orf17_PROT,2,TTC39A_PROT,3,GLTSCR2_PROT,3,TNS1_PROT,0,TICAM2_PROT,0,AGAP1_PROT,0,AGAP1_PROT,0,HNRNPD_PROT,2,TAP1_PROT,1,PCMT1_PROT,2,ITPA_PROT,1,RAB12_PROT,1,MEMO1_PROT,0,NDUFS4_PROT,2,CTNND1_PROT,2,NAV3_PROT,0,EGFR_PROT,3,SPECC1_PROT,1,EIF2S1_PROT,1,CBFA2T3_PROT,3,MFSD12_PROT,3,HMGB2_PROT,0,FDX1L_PROT,1,ATRAID_PROT,2,ZUFSP_PROT,2,MAPRE2_PROT,2,YES1_PROT,2,FBXL2_PROT,3,NBR1_PROT,0,AKR1D1_PROT,1,PTPRC_PROT,1,VGLL1_PROT,0,HBA1_PROT,1,ALDH6A1_PROT,0,UBA5_PROT,1,ANKRD40_PROT,0,CLIC3_PROT,1,PODXL_PROT,2,CTNND1_PROT,2,CSNK2A2_PROT,4,TSPAN6_PROT,0,RGS14_PROT,0,GATAD2A_PROT,1,45910_PROT_PROT,2,CKAP2_PROT,1,PTPN7_PROT,1,SLC17A5_PROT,4,MRPL19_PROT,2,SIRPA_PROT,0,ABCC10_PROT,2,GBA_PROT,2,SLC11A2_PROT,1,METTL7B_PROT,2,PPCS_PROT,1,HOXD9_PROT,4,B4GALT4_PROT,1,CCM2_PROT,2,TOP3A_PROT,3,TJP1_PROT,0,STX1B_PROT,1,HDHD3_PROT,1,TRIM6-TRIM34_PROT,0,MPC2_PROT,0,MYO7B_PROT,2,VTN_PROT,1,WAS_PROT,0,CORO1A_PROT,1,YARS_PROT,0,CTNNA1_PROT,1,PTPN6_PROT,1,45910_PROT_PROT,2,GTPBP1_PROT,0,PCMTD1_PROT,1,DAAM2_PROT,0,BACH1_PROT,1,CSK_PROT,1,XPC_PROT,2,RUFY2_PROT,0,MAOA_PROT,1,AKAP13_PROT,1,COL18A1_PROT,1,TBCA_PROT,2,WWP2_PROT,0,NCF1B_PROT,2,45910_PROT_PROT,2,S100A10_PROT,2,ZHX1_PROT,2,ITGAV_PROT,1,GMFB_PROT,1,TJP1_PROT,0,OSMR_PROT,0,ANXA7_PROT,1,MED7_PROT,1,NR3C1_PROT,2,PDSS1_PROT,0,TNPO3_PROT,3,UCHL1_PROT,1,TERF2IP_PROT,1,STMN4_PROT,1,AFF4_PROT,2,PHKB_PROT,0,RAB13_PROT,1,TMLHE_PROT,1,KIAA0754_PROT,1,PIK3R3_PROT,0,YWHAQ_PROT,2,CCDC126_PROT,3,SYDE1_PROT,1,WIPI1_PROT,0,SMYD2_PROT,1,MBNL1_PROT,2,ACSL3_PROT,2,FAM83H_PROT,0,FHIT_PROT,2,DLG5_PROT,1,ATP12A_PROT,0,MARVELD2_PROT,2,CARD8_PROT,0,PCYOX1_PROT,0,ABHD17B_PROT,0,DVL1_PROT,0,ZNF655_PROT,1,ZNF330_PROT,1,PXMP4_PROT,1,GPD1L_PROT,1,GPR161_PROT,1,TNKS_PROT,0,MRPL33_PROT,2,ERGIC1_PROT,2,OPHN1_PROT,0,PHLDA1_PROT,3,POU3F3_PROT,5,NCK2_PROT,0,ZFYVE27_PROT,0,MRPL19_PROT,0,DLG1_PROT,0,PDE3B_PROT,1,SMC1B_PROT,0,RASGRP2_PROT,1,EIF2B3_PROT,0,NDST1_PROT,0,KIRREL_PROT,2,PRTFDC1_PROT,4,NMD3_PROT,1,GOLGA1_PROT,1,SLC38A1_PROT,2,MSN_PROT,3,KIAA0319L_PROT,2,CIC_PROT,1,LEPROT_PROT,1,LRPAP1_PROT,1,MCAM_PROT,1,GRB2_PROT,1,FARP2_PROT,1,PHLDA1_PROT,4,SLC2A6_PROT,2,GNA11_PROT,0,HPRT1_PROT,0,TRAF3IP3_PROT,1,YAP1_PROT,1,PARK7_PROT,0,RAB6C_PROT,1,IMP3_PROT,3,CNTRL_PROT,1,C1orf21_PROT,2,CNTRL_PROT,2,DBP_PROT,2,PEX16_PROT,1,FPGT_PROT,0,STMN4_PROT,1,PTPRB_PROT,3,GOPC_PROT,2,GMEB1_PROT,1,SLC25A24_PROT,1,SEC14L1_PROT,0,OCIAD2_PROT,1,EFCAB7_PROT,0,CTSS_PROT,1,FKBP9_PROT,2,PTPN6_PROT,2,SLC35F6_PROT,1,HMGB2_PROT,1,PICK1_PROT,2,WAS_PROT,0,ACTN1_PROT,3,FHL2_PROT,2,FAM107B_PROT,1,ITGB1_PROT,2,CRTAP_PROT,2,CLDND1_PROT,3,PPAP2A_PROT,4,LRPAP1_PROT,2,ACTN1_PROT,4,CYR61_PROT,4,SLC38A2_PROT,0,PTRF_PROT,2,ITGA3_PROT,3,CD151_PROT,0,GNPTAB_PROT,2,LRMP_PROT,1,CAV2_PROT,2,RRAS_PROT,3,CRTAP_PROT,1,CCDC25_PROT,1,LIMD2_PROT,2,IKZF1_PROT,2,SLC35F6_PROT,2,F2_PROT,3,HNMT_PROT,3,UBE2G1_PROT,3,SYNE2_PROT,2,LAMC1_PROT,0,DOCK2_PROT,0,DOK3_PROT,1,RCSD1_PROT,0,FKBP5_PROT,4,PTPN6_PROT,0,TOR1AIP2_PROT,1,ARHGAP15_PROT,1,GMFG_PROT,0,IKZF1_PROT,1
6,NADK2_PROT,2,SNX33_PROT,0,S100A16_PROT,0,ZDHHC8_PROT,2,PLA2G7_PROT,3,PASK_PROT,0,PDLIM5_PROT,0,PLEKHA2_PROT,4,HMGB2_PROT,0,KLHDC7B_PROT,1,MRPL55_PROT,1,GOLGA5_PROT,1,ACSS3_PROT,0,C6orf132_PROT,0,KIAA0907_PROT,1,BAG1_PROT,0,KIF11_PROT,2,MRPS24_PROT,1,TJP1_PROT,0,ME2_PROT,1,TPP2_PROT,1,MRPL28_PROT,0,DUSP11_PROT,1,PIN4_PROT,0,CNP_PROT,3,SUN1_PROT,2,EMC3_PROT,1,AGAP3_PROT,1,TRIM6-TRIM34_PROT,0,PRDX5_PROT,0,HEG1_PROT,3,C9orf89_PROT,1,ABHD17A_PROT,1,GCLC_PROT,4,TNPO2_PROT,2,AMIGO2_PROT,2,RBM41_PROT,2,NPTN_PROT,0,CTNNA1_PROT,1,PPIH_PROT,0,PCDH7_PROT,1,C14orf93_PROT,0,WAS_PROT,1,BTN3A3_PROT,1,ATP1A4_PROT,2,RRAS2_PROT,0,MRP63_PROT,0,TJP1_PROT,0,ARHGEF1_PROT,1,UBXN8_PROT,2,OXCT1_PROT,3,CDC42BPB_PROT,3,GNL3L_PROT,3,DCT_PROT,1,HMGB2_PROT,0,TP53BP2_PROT,2,BACE2_PROT,0,TTC39C_PROT,4,ADCK1_PROT,0,FAM203A_PROT,1,CPVL_PROT,1,VCPIP1_PROT,1,DNAJC2_PROT,2,SORBS1_PROT,1,OCLN_PROT,0,ADAM19_PROT,2,TMEM223_PROT,0,WAS_PROT,0,LCP2_PROT,3,PTPN6_PROT,3,TMEM41B_PROT,1,ANKRD17_PROT,4,HEG1_PROT,0,ICAM3_PROT,1,YARS_PROT,1,S100A10_PROT,0,COASY_PROT,1,VMA21_PROT,1,EPS15_PROT,0,CTNNA2_PROT,2,RBP1_PROT,1,PGPEP1_PROT,0,ERN2_PROT,0,GPX2_PROT,2,SEC11C_PROT,2,CTDSPL_PROT,1,CYCS_PROT,0,STMN4_PROT,1,PVR_PROT,0,LAMB2_PROT,0,PLEKHF2_PROT,1,WAS_PROT,0,HAUS8_PROT,0,ITGAV_PROT,1,MECOM_PROT,2,ITGAV_PROT,0,FLII_PROT,1,GCH1_PROT,0,AMBP_PROT,2,RABIF_PROT,1,NAF1_PROT,0,SLFN11_PROT,3,YARS_PROT,1,DNAJC9_PROT,0,TRAF2_PROT,3,CCDC25_PROT,1,MEST_PROT,3,REL_PROT,3,SPRYD4_PROT,0,ALCAM_PROT,0,AHNAK_PROT,1,ANXA6_PROT,1,JMJD1C_PROT,1,WWC2_PROT,0,ESM1_PROT,2,PLXNA1_PROT,1,COMMD5_PROT,1,TIMM17B_PROT,3,PTPN7_PROT,1,LRRC16A_PROT,2,PIK3C2A_PROT,4,DLG2_PROT,0,C19orf54_PROT,1,LIPA_PROT,2,ENPP4_PROT,4,BCAS1_PROT,3,PCED1B_PROT,3,GPD1L_PROT,1,SYTL1_PROT,2,SYTL1_PROT,3,ZMIZ1_PROT,2,PALD1_PROT,3,BAG1_PROT,1,EPB41L5_PROT,2,SETDB2_PROT,0,TBCA_PROT,0,NCKAP1L_PROT,0,GYG1_PROT,2,BHMT_PROT,0,CD74_PROT,1,PIK3AP1_PROT,1,PURB_PROT,0,CLCN3_PROT,1,ITGB4_PROT,1,UCHL3_PROT,2,TGFB2_PROT,0,TGFB2_PROT,2,FUBP1_PROT,0,DNAAF2_PROT,1,SIPA1L2_PROT,0,SNAP29_PROT,0,IMPAD1_PROT,1,PRUNE2_PROT,1,TRMT5_PROT,2,ADIPOR2_PROT,0,RPUSD1_PROT,1,SFXN3_PROT,2,COL4A5_PROT,0,TYRP1_PROT,2,GOLM1_PROT,1,DNTT_PROT,2,MBNL2_PROT,1,RASAL3_PROT,1,ZFYVE16_PROT,2,IGSF3_PROT,1,XPO6_PROT,2,ZNF594_PROT,1,ANAPC10_PROT,2,BAG1_PROT,2,LAMB1_PROT,1,PIN1_PROT,0,SLC39A11_PROT,0,ZMPSTE24_PROT,2,C1orf50_PROT,1,KPNA1_PROT,1,ALDOA_PROT,1,ACTBL2_PROT,1,OSCP1_PROT,1,POLR3G_PROT,2,MICALL2_PROT,1,LAMC1_PROT,0,ELAC2_PROT,1,HMGB2_PROT,1,CTTN_PROT,2,HMGB2_PROT,1,ITGAV_PROT,1,HMGB2_PROT,1,PTRF_PROT,1,WAS_PROT,1,IRF2_PROT,4,EPN2_PROT,0,WAS_PROT,0,IKBIP_PROT,1,CRIM1_PROT,3,TOR1AIP2_PROT,0,IKBIP_PROT,0,LEPRE1_PROT,2,ITGA3_PROT,3,CMTM6_PROT,1,WIBG_PROT,1,CAV2_PROT,3,UBE2G1_PROT,2,CLDND1_PROT,2,FERMT3_PROT,1,PLIN2_PROT,3,TGM2_PROT,2,CHD1L_PROT,3,SYNE2_PROT,2,PON2_PROT,1,CCDC25_PROT,1,LRMP_PROT,0,SLC12A4_PROT,2,B3GALTL_PROT,1,TOR1AIP2_PROT,0,HAUS1_PROT,0,YAP1_PROT,1,HBA1_PROT,1,SLC7A1_PROT,4,CSNK1E_PROT,0,UACA_PROT,0,RAB13_PROT,2,CRTAP_PROT,0,YIPF6_PROT,1,PTPRC_PROT,0,RCSD1_PROT,0
7,LLGL2_PROT,2,SMAP2_PROT,1,SLCO3A1_PROT,1,SEC31A_PROT,0,ZNF618_PROT,2,BCKDK_PROT,2,RIN2_PROT,4,CALD1_PROT,2,TOR1B_PROT,2,NDUFB9_PROT,1,C6orf106_PROT,2,S100A10_PROT,0,RBL2_PROT,1,SPATA20_PROT,2,TJP1_PROT,2,SYNE1_PROT,1,ZC4H2_PROT,0,DDX60_PROT,1,ICAM3_PROT,1,AMN1_PROT,0,MYCBP2_PROT,1,GCLM_PROT,1,ALDH3A1_PROT,3,GOLGA5_PROT,1,S100B_PROT,3,KATNA1_PROT,3,EPHB3_PROT,1,SMS_PROT,0,MARVELD1_PROT,2,LEPREL4_PROT,2,RRAS_PROT,0,MXRA8_PROT,0,LDB1_PROT,3,AKR1C3_PROT,3,NFATC3_PROT,0,PAWR_PROT,0,PRICKLE3_PROT,1,PIK3CD_PROT,1,GPC1_PROT,1,GALT_PROT,2,SMARCD2_PROT,3,PRG4_PROT,1,AGRN_PROT,1,KLHDC7B_PROT,0,C1orf123_PROT,2,AGRN_PROT,0,WBP4_PROT,1,IKZF1_PROT,0,MMS22L_PROT,0,FABP5_PROT,0,SMAD9_PROT,0,KIAA0319L_PROT,0,LOXL2_PROT,2,SLC16A6_PROT,2,LSP1_PROT,1,ZCCHC17_PROT,3,ITPKB_PROT,1,MRPL14_PROT,0,SUCLG2_PROT,0,UBE2Q1_PROT,1,RABGAP1_PROT,0,SHANK2_PROT,2,HEG1_PROT,0,BTAF1_PROT,1,XYLT2_PROT,1,EXOC3L4_PROT,3,CD180_PROT,3,SUCLG2_PROT,2,UROS_PROT,0,CDV3_PROT,0,YARS_PROT,2,TJP1_PROT,1,LAMC1_PROT,0,TICAM2_PROT,0,UACA_PROT,1,CTDSPL_PROT,2,PRSS23_PROT,2,POU2F1_PROT,2,UROS_PROT,0,RNF185_PROT,0,COPZ2_PROT,1,DHTKD1_PROT,1,PLIN2_PROT,3,SLC27A2_PROT,1,SKA3_PROT,2,RRAS_PROT,1,NDUFAF4_PROT,3,TICAM2_PROT,1,TSPAN6_PROT,1,RCSD1_PROT,2,APEH_PROT,0,AFF4_PROT,1,EPM2AIP1_PROT,1,HAT1_PROT,0,SOAT1_PROT,0,ADH4_PROT,4,ARVCF_PROT,0,LRBA_PROT,1,MT1G_PROT,1,ADARB1_PROT,0,SDCBP_PROT,2,IGJ_PROT,1,RGS14_PROT,0,HBA1_PROT,0,HSP90AA1_PROT,2,ZNF259_PROT,0,MNS1_PROT,1,C8orf47_PROT,2,PYCR1_PROT,3,WIPF1_PROT,1,KIF3A_PROT,0,CAPZA1_PROT,0,HSPB1_PROT,0,FZD7_PROT,0,SLC35F6_PROT,1,RAI14_PROT,1,ERBB2_PROT,1,G3BP2_PROT,1,WIBG_PROT,0,KIAA1671_PROT,1,LZIC_PROT,1,TSPAN31_PROT,0,TGFB1I1_PROT,1,PGAP1_PROT,1,ACY1_PROT,0,STARD10_PROT,4,TMEM104_PROT,0,ERBB4_PROT,2,RPS6KB1_PROT,1,PSTPIP2_PROT,0,TOR3A_PROT,0,PLEKHG2_PROT,2,MYBBP1A_PROT,3,EMSY_PROT,1,PSME1_PROT,2,TSPAN6_PROT,1,CTU2_PROT,1,HS1BP3_PROT,0,RGS14_PROT,1,SERPINB6_PROT,0,YAP1_PROT,1,PNMA2_PROT,1,REXO2_PROT,0,GPRC5A_PROT,0,BMPR2_PROT,0,TPBG_PROT,0,CYB561_PROT,0,TFCP2_PROT,0,SLC15A4_PROT,0,RCHY1_PROT,0,HPRT1_PROT,0,SNX4_PROT,0,TMEM143_PROT,1,FOSL1_PROT,2,OARD1_PROT,1,HSD17B11_PROT,2,ODR4_PROT,2,PTGFRN_PROT,0,RGN_PROT,2,GPSM3_PROT,0,BHLHE22_PROT,0,F8_PROT,1,RGN_PROT,1,SH3BP5L_PROT,3,UACA_PROT,2,LPCAT2_PROT,0,ABRACL_PROT,1,A1CF_PROT,2,EXOC6B_PROT,1,PLEK_PROT,0,TMEM43_PROT,0,ANKRD54_PROT,2,LIMA1_PROT,0,BTF3L4_PROT,1,RINT1_PROT,2,CORO2A_PROT,0,KBTBD11_PROT,0,CXCL5_PROT,0,ZNF185_PROT,3,NDUFAF3_PROT,2,PCBP3_PROT,0,ERN2_PROT,0,GPX8_PROT,2,NCKAP1L_PROT,1,ICAM3_PROT,1,TJP1_PROT,0,FKBP9_PROT,0,FBXO2_PROT,2,PIK3AP1_PROT,1,CORO1A_PROT,2,LAMC1_PROT,2,CD59_PROT,2,DHCR24_PROT,1,LYPLA1_PROT,1,PGS1_PROT,1,CD274_PROT,0,CMTM6_PROT,1,SORD_PROT,2,RBM4B_PROT,0,UPP1_PROT,2,CYR61_PROT,2,TPBG_PROT,1,IRAK4_PROT,1,LIMD2_PROT,1,ITGA3_PROT,2,CMTM6_PROT,4,EGFR_PROT,0,TOR1AIP2_PROT,0,SPN_PROT,0,MRPS21_PROT,0,LAGE3_PROT,1,SLC35F6_PROT,2,TUSC3_PROT,2,PTPN6_PROT,1,RANBP1_PROT,0,BAIAP2L2_PROT,2,DOK3_PROT,0,YIPF6_PROT,2,MAP4K1_PROT,0,RAB13_PROT,0,SERINC1_PROT,1,MMP15_PROT,1,GNG12_PROT,1,LIMD2_PROT,1,DNAJC9_PROT,0
8,SLC38A3_PROT,1,GPBP1_PROT,0,FLI1_PROT,0,TTC14_PROT,1,SUPT4H1_PROT,3,EPHB3_PROT,1,SLC39A6_PROT,1,ZCCHC11_PROT,2,RASAL2_PROT,3,ISYNA1_PROT,2,CA4_PROT,0,RASAL2_PROT,3,CECR2_PROT,0,SFN_PROT,3,SUN1_PROT,0,MOCOS_PROT,0,DTNBP1_PROT,0,WWOX_PROT,3,PTPN6_PROT,1,ATP5F1_PROT,0,TINAGL1_PROT,4,CNOT2_PROT,2,MKS1_PROT,2,RNASEH2C_PROT,0,DCT_PROT,1,SLC39A6_PROT,2,FBXO46_PROT,2,ECI1_PROT,0,MAPKBP1_PROT,0,RAB12_PROT,0,NPTN_PROT,0,BACE2_PROT,0,PGAM1_PROT,2,GSR_PROT,4,CTNNA2_PROT,2,ANKRD27_PROT,1,PPP6R3_PROT,0,ID1_PROT,0,PRRG1_PROT,1,DCK_PROT,1,ZBTB39_PROT,1,C15orf40_PROT,4,TRAFD1_PROT,0,MAP4K4_PROT,2,ATP1A1_PROT,2,AFF4_PROT,2,PNPO_PROT,2,LRMP_PROT,0,CYP4V2_PROT,0,CSK_PROT,1,LIPE_PROT,2,CORO1A_PROT,0,IMP3_PROT,2,NIPSNAP3A_PROT,3,CRLF3_PROT,1,SULT1A1_PROT,1,TMEM38B_PROT,1,VIL1_PROT,2,PET100_PROT,2,TRAPPC8_PROT,1,MPV17L2_PROT,0,AGRN_PROT,2,RAB13_PROT,1,DPF1_PROT,0,FLOT1_PROT,1,AGXT_PROT,1,MGST1_PROT,2,CORO7_PROT,1,HOXC13_PROT,3,ICAM3_PROT,1,CCDC88B_PROT,0,CTNNA1_PROT,1,SLC25A26_PROT,4,YARS_PROT,1,SH3BP4_PROT,0,UACA_PROT,1,RAD1_PROT,0,LYZ_PROT,1,PHLDA2_PROT,0,LAMC1_PROT,0,SOX13_PROT,0,ZBTB44_PROT,0,CYP4F3_PROT,2,SH3BGRL2_PROT,0,MTSS1_PROT,0,STMN4_PROT,3,ITGA1_PROT,1,WAS_PROT,1,DOK3_PROT,1,CEP85_PROT,0,CHTF18_PROT,2,45910_PROT_PROT,2,POLR1D_PROT,0,CLIC5_PROT,2,SPATA5_PROT,1,CTNND1_PROT,0,COL11A1_PROT,0,GBP2_PROT,2,SULT2A1_PROT,1,PEAK1_PROT,0,PIGH_PROT,1,NCS1_PROT,1,WAS_PROT,1,CTNNA2_PROT,1,HEATR2_PROT,3,AGRN_PROT,2,SLC22A18_PROT,3,ACAP1_PROT,0,RGPD5_PROT,2,BRIX1_PROT,0,GID8_PROT,0,DPY19L1_PROT,1,SLC2A13_PROT,0,SORBS1_PROT,0,ITGAV_PROT,0,PTRF_PROT,3,DOCK9_PROT,1,SLC25A24_PROT,2,MPP5_PROT,0,HDAC7_PROT,0,MEF2A_PROT,1,LZIC_PROT,0,BCAT2_PROT,4,SDCBP_PROT,2,DNAJC21_PROT,0,PDXDC1_PROT,1,CORO1A_PROT,0,FASN_PROT,2,PXMP4_PROT,1,GUK1_PROT,1,MRPL33_PROT,1,MYO1F_PROT,0,APIP_PROT,2,FAM169A_PROT,4,ARL10_PROT,0,AFF4_PROT,2,NRP1_PROT,1,NHS_PROT,2,GLUD2_PROT,1,PEX10_PROT,3,SPN_PROT,0,SEMA4B_PROT,1,ACYP1_PROT,1,TRIM47_PROT,1,VAV1_PROT,2,LIPA_PROT,2,APRT_PROT,3,PGRMC2_PROT,2,CECR2_PROT,1,PHF21A_PROT,0,MPPED2_PROT,1,IDH1_PROT,0,SLC25A15_PROT,0,UPP1_PROT,2,AES_PROT,2,ERBB2IP_PROT,2,SZRD1_PROT,1,INPP4A_PROT,2,PDCD4_PROT,3,NARFL_PROT,1,MPPED2_PROT,1,PPP2R2B_PROT,0,DNAAF2_PROT,1,PITHD1_PROT,3,LMNA_PROT,0,HSD17B12_PROT,0,IGSF3_PROT,0,MAP3K11_PROT,3,HGF_PROT,0,TYW3_PROT,1,ADAM9_PROT,1,CA8_PROT,2,ARL15_PROT,3,DENND4A_PROT,1,MSRA_PROT,1,PLIN3_PROT,0,MT1L_PROT,2,ARHGEF17_PROT,2,ARHGEF2_PROT,0,CHD8_PROT,0,ETNK1_PROT,0,CDC27_PROT,0,RBFOX2_PROT,1,FKBP9_PROT,0,FKBP9_PROT,0,45910_PROT_PROT,0,GPX8_PROT,4,SAMD8_PROT,1,TSPAN6_PROT,1,GNG12_PROT,1,HAUS1_PROT,0,GNG12_PROT,1,ITGB1_PROT,2,CD59_PROT,1,ULBP2_PROT,1,PLIN2_PROT,2,SORD_PROT,2,HK1_PROT,0,TXNDC17_PROT,0,CRIM1_PROT,1,PNPLA2_PROT,3,SORD_PROT,0,CELSR2_PROT,0,IKZF1_PROT,0,S100A10_PROT,2,CAV1_PROT,3,CAV1_PROT,2,ME3_PROT,0,CD276_PROT,1,GNG12_PROT,0,PLIN2_PROT,3,RGN_PROT,1,CAMSAP2_PROT,1,PUS7_PROT,3,HMGB2_PROT,1,MECOM_PROT,2,PTPN7_PROT,1,CDC42BPB_PROT,1,PLIN2_PROT,3,BTK_PROT,1,CSNK1E_PROT,2,CCDC25_PROT,0,TSC22D4_PROT,0,PIK3AP1_PROT,1,DOCK2_PROT,0
9,PNP_PROT,2,MAP4K1_PROT,0,KIAA0319L_PROT,1,PAPSS1_PROT,1,ACOT9_PROT,0,FAM160A1_PROT,1,ARSB_PROT,0,ICA1_PROT,2,RNASEH2A_PROT,1,TRIM55_PROT,0,NQO2_PROT,0,WAS_PROT,1,PATZ1_PROT,1,TSPAN4_PROT,1,SFXN3_PROT,0,DST_PROT,0,HSP90B1_PROT,0,TCF12_PROT,1,RNF113A_PROT,0,TRAPPC8_PROT,0,TNFAIP2_PROT,2,RPS6KA1_PROT,1,CYP4F11_PROT,4,EDF1_PROT,1,FABP7_PROT,1,C19orf43_PROT,0,ZMPSTE24_PROT,1,WDR7_PROT,1,PODXL_PROT,1,LAMC1_PROT,1,GSTA4_PROT,3,ASB1_PROT,2,CALHM2_PROT,1,TRAPPC6B_PROT,0,UBE2Q1_PROT,2,ANKLE2_PROT,0,D2HGDH_PROT,0,NFX1_PROT,0,HRAS_PROT,0,SDHA_PROT,2,CKMT1A_PROT,0,RP2_PROT,0,TICAM2_PROT,1,DNTTIP1_PROT,2,RCSD1_PROT,1,VAPB_PROT,0,PAK2_PROT,0,RCSD1_PROT,1,SMG9_PROT,0,CTNND1_PROT,0,TTYH3_PROT,1,SYNJ2BP_PROT,0,SLC26A2_PROT,2,FAP_PROT,2,MRPL9_PROT,0,PFKFB3_PROT,2,CPEB4_PROT,3,MUC13_PROT,1,RBM10_PROT,0,CYB5B_PROT,2,SLC1A5_PROT,0,ITPRIP_PROT,0,ATP12A_PROT,0,HK2_PROT,1,PLEKHA6_PROT,0,SNRNP35_PROT,0,C8orf47_PROT,3,SLC25A42_PROT,1,TTC4_PROT,0,DPH1_PROT,2,ICAM3_PROT,0,HEG1_PROT,2,TRIOBP_PROT,3,ITGAV_PROT,0,SDPR_PROT,4,SDPR_PROT,3,E2F3_PROT,0,ADH6_PROT,1,HOXB4_PROT,1,MST4_PROT,0,LRRC7_PROT,1,NTN4_PROT,2,GPC3_PROT,2,BSPRY_PROT,1,DHRS2_PROT,0,RASAL2_PROT,1,LARP4_PROT,2,CTNNA1_PROT,1,TOR1AIP2_PROT,0,RRAS_PROT,1,IL8_PROT,2,LYSMD1_PROT,2,SERBP1_PROT,2,CTNNA1_PROT,0,CUL5_PROT,1,RAB13_PROT,1,ZDHHC20_PROT,4,PANK4_PROT,2,ELOVL2_PROT,2,PRPF40B_PROT,1,TIMP1_PROT,1,NIPSNAP3A_PROT,3,DNAJC9_PROT,0,DOK3_PROT,0,ZNHIT6_PROT,0,TTC4_PROT,2,DDX3X_PROT,0,CAMLG_PROT,0,LMNA_PROT,0,TBRG4_PROT,1,PRG4_PROT,1,UBE2J1_PROT,0,SRFBP1_PROT,1,NDUFS5_PROT,0,OLFML2A_PROT,1,DNPH1_PROT,1,MYO1D_PROT,3,OCLN_PROT,0,MPRIP_PROT,1,PCYOX1_PROT,0,YRDC_PROT,1,CNNM3_PROT,0,INPP5A_PROT,0,CCDC85C_PROT,1,TBC1D31_PROT,3,NUP54_PROT,1,SSNA1_PROT,0,TRIM3_PROT,2,PYGO2_PROT,0,BTN2A1_PROT,1,ZNF658_PROT,1,LRIG2_PROT,0,AFF4_PROT,0,UCKL1_PROT,1,DHRS4L1_PROT,0,DLG2_PROT,3,TFAP2B_PROT,2,FRMD5_PROT,3,PDZD8_PROT,2,SAR1A_PROT,0,VAV1_PROT,0,PPP2CA_PROT,0,KDELC2_PROT,1,C2orf54_PROT,0,ANLN_PROT,0,CYB561_PROT,0,PARVB_PROT,2,LDB1_PROT,1,FAM213A_PROT,0,ZYX_PROT,0,TMED3_PROT,1,PI4KAP2_PROT,0,S100A10_PROT,0,DUS1L_PROT,1,ZDHHC8_PROT,3,VPREB1_PROT,1,SARS2_PROT,1,CNTNAP3_PROT,2,ALKBH4_PROT,0,ANAPC10_PROT,2,KPNA1_PROT,1,AKR1A1_PROT,0,PTGFRN_PROT,1,MYO1D_PROT,1,KDM3A_PROT,1,PLEKHH3_PROT,1,SLC27A4_PROT,0,ZKSCAN8_PROT,0,NADK_PROT,0,ZSWIM8_PROT,2,DBR1_PROT,0,SNX1_PROT,1,SLC4A8_PROT,2,PLAT_PROT,0,SPN_PROT,0,ITGB2_PROT,4,MYLK_PROT,0,SDHD_PROT,0,SMAP2_PROT,0,ANTXR2_PROT,1,ARAP1_PROT,2,EMG1_PROT,2,CRTAP_PROT,2,CORO1A_PROT,1,SEPHS2_PROT,2,ICAM3_PROT,1,RGS14_PROT,1,LNX1_PROT,4,LCP2_PROT,1,PTPN6_PROT,3,ARL2_PROT,0,MECOM_PROT,3,CAV2_PROT,1,TOR1AIP2_PROT,0,MIEN1_PROT,3,C5_PROT,1,ITGB1_PROT,2,ACTN1_PROT,2,GNB3_PROT,2,SLC12A4_PROT,0,CD151_PROT,4,CYR61_PROT,2,CYR61_PROT,1,TEAD1_PROT,0,PHLDB2_PROT,2,SLC12A4_PROT,3,SLC12A4_PROT,0,DENR_PROT,0,LYZ_PROT,1,PON2_PROT,0,ICAM3_PROT,0,MPRIP_PROT,0,PUS7_PROT,0,PIK3AP1_PROT,0,PCBP1_PROT,0,KDM3A_PROT,1,TSC22D4_PROT,0,INPP4A_PROT,3,MICALL1_PROT,2,SLC12A4_PROT,1,ZC3H6_PROT,1,PTPN6_PROT,1,IRF2_PROT,0,ARHGAP15_PROT,0,GNG12_PROT,0
10,CASC4_PROT,1,NFKB1_PROT,0,ETV6_PROT,1,KNOP1_PROT,1,CDC27_PROT,0,CPPED1_PROT,0,KNOP1_PROT,0,USP15_PROT,0,HNRNPD_PROT,1,B3GAT3_PROT,1,MYO5A_PROT,0,TOR1B_PROT,1,QTRT1_PROT,1,MYO19_PROT,0,CCDC117_PROT,3,CAV1_PROT,2,CNN2_PROT,0,ATP6V1G2_PROT,0,ACYP1_PROT,2,NPTXR_PROT,2,ASPSCR1_PROT,1,GSR_PROT,2,AKR1C3_PROT,2,GBP1_PROT,2,GYG1_PROT,4,RHOG_PROT,1,INTS6_PROT,1,CTAGE15_PROT,0,ANKRD31_PROT,2,SLC4A7_PROT,3,ARHGAP25_PROT,0,CASP10_PROT,1,FNTB_PROT,1,GCLM_PROT,3,LMNA_PROT,1,CDK5_PROT,0,ACO2_PROT,3,CEP192_PROT,3,OAS3_PROT,1,DNAJC8_PROT,1,CXorf49_PROT,0,C1orf226_PROT,1,FKBP9_PROT,1,PGAM1_PROT,2,DAG1_PROT,2,TMEM163_PROT,2,PCYOX1_PROT,1,CORO1A_PROT,2,OGT_PROT,0,C19orf43_PROT,0,SDCBP_PROT,1,GPNMB_PROT,2,HMCES_PROT,0,TUBGCP6_PROT,2,SFXN3_PROT,1,EARS2_PROT,1,MGAT4A_PROT,1,IFI16_PROT,1,PLS3_PROT,2,CASK_PROT,1,SELENBP1_PROT,1,JADE2_PROT,1,TMEM106B_PROT,0,PHGDH_PROT,2,ESRP1_PROT,1,OSCP1_PROT,1,DNAJB1_PROT,0,ITGAV_PROT,1,SSX2IP_PROT,1,IKZF1_PROT,0,JADE2_PROT,3,ITGAV_PROT,0,DPP7_PROT,1,TSC22D4_PROT,1,MYO1C_PROT,1,VCPIP1_PROT,1,HBG1_PROT,2,PKP1_PROT,0,PCTP_PROT,0,HMGA2_PROT,2,ASNS_PROT,1,PXN_PROT,0,PES1_PROT,0,CGN_PROT,0,PTRF_PROT,0,STMN2_PROT,0,SLC1A5_PROT,2,TOR1AIP2_PROT,0,YAP1_PROT,1,NPTN_PROT,1,GP2_PROT,1,ICAM3_PROT,0,ZC3H15_PROT,2,DPH1_PROT,0,ADRBK1_PROT,0,MYO1C_PROT,1,PDE2A_PROT,2,ICAM3_PROT,0,MGARP_PROT,2,C18orf8_PROT,0,QSOX2_PROT,3,SLC6A8_PROT,4,UTP23_PROT,4,CBFA2T3_PROT,0,GEMIN5_PROT,1,CCDC88B_PROT,2,TRMT6_PROT,1,PHGDH_PROT,1,LAMB2_PROT,1,PRKACB_PROT,1,LAYN_PROT,1,FAM114A2_PROT,1,DCK_PROT,0,IRF7_PROT,3,WEE1_PROT,4,TMA7_PROT,0,45906_PROT,2,CPOX_PROT,0,TSPAN6_PROT,1,CARD8_PROT,1,SURF6_PROT,2,COX6A1_PROT,0,NRAS_PROT,0,EPB41L5_PROT,4,ATRAID_PROT,2,BAG2_PROT,2,TMEM206_PROT,1,GUK1_PROT,1,ABCB7_PROT,1,MINOS1_PROT,2,DCBLD1_PROT,2,OTUD4_PROT,0,DYNC2H1_PROT,2,NCOR1_PROT,0,CAV2_PROT,1,POF1B_PROT,1,ARAP2_PROT,0,TLK1_PROT,0,URGCP_PROT,0,SPECC1_PROT,1,SLBP_PROT,0,RNF25_PROT,0,SLBP_PROT,0,GPRC5C_PROT,1,HBA1_PROT,0,WWTR1_PROT,0,ANXA2_PROT,1,FAM20B_PROT,1,SLCO4C1_PROT,0,SPTAN1_PROT,2,COTL1_PROT,0,CD151_PROT,1,CCNYL1_PROT,0,NAMPT_PROT,0,MLANA_PROT,0,CEBPA_PROT,0,PEBP1_PROT,2,ABCA12_PROT,2,LMNA_PROT,0,CMTM6_PROT,1,C10orf35_PROT,2,STAT6_PROT,0,TTC33_PROT,1,IGSF3_PROT,2,GNG12_PROT,0,MINA_PROT,0,GPR126_PROT,0,HMG20B_PROT,1,GOSR1_PROT,2,MTMR14_PROT,0,TMEM245_PROT,1,PKMYT1_PROT,2,SLC16A1_PROT,1,AGAP3_PROT,1,COL22A1_PROT,0,DDAH1_PROT,0,TUBA4A_PROT,2,PGD_PROT,0,WDR48_PROT,2,POLR3G_PROT,1,PRIM1_PROT,0,HDGF_PROT,1,RCSD1_PROT,2,RCSD1_PROT,2,VRK3_PROT,4,ARHGAP25_PROT,1,NCKAP1L_PROT,1,VPS4B_PROT,1,SLC35F6_PROT,1,DENND4A_PROT,3,HMGB2_PROT,1,FAM107B_PROT,0,CRIM1_PROT,0,IGFBP6_PROT,0,PREX1_PROT,0,RASSF8_PROT,2,IKBIP_PROT,2,E2F6_PROT,1,ADIPOR2_PROT,0,ANXA1_PROT,1,PLIN2_PROT,3,CAV1_PROT,3,TXNDC17_PROT,0,CNTRL_PROT,1,FZD6_PROT,2,CYR61_PROT,1,AGRN_PROT,1,AGRN_PROT,0,KALRN_PROT,1,ZFYVE16_PROT,1,CDC42BPB_PROT,1,AHNAK2_PROT,1,LEPREL1_PROT,2,CCDC25_PROT,1,SLC26A6_PROT,0,CTNNA2_PROT,2,SLC7A1_PROT,4,TSC22D4_PROT,0,ARHGAP15_PROT,1,PLIN2_PROT,3,SLC12A4_PROT,3,PUS7_PROT,1,PIK3AP1_PROT,1,GOLM1_PROT,0,YIPF6_PROT,1
11,CNRIP1_PROT,2,DNAH11_PROT,2,EVL_PROT,0,IGF2R_PROT,0,SLC43A2_PROT,0,CARD11_PROT,0,MSRB2_PROT,2,MTMR14_PROT,0,NT5E_PROT,1,TMCO3_PROT,0,MST4_PROT,0,AGRN_PROT,1,FOXP1_PROT,2,PCYOX1_PROT,0,UACA_PROT,0,FHL2_PROT,0,FKBP5_PROT,1,AURKAIP1_PROT,1,CDV3_PROT,1,ACTB_PROT,0,SP3_PROT,0,SLC7A11_PROT,0,KPNA1_PROT,3,UBBP4_PROT,1,RHOQ_PROT,0,SPECC1L_PROT,0,ENGASE_PROT,3,RFTN1_PROT,1,PSMB9_PROT,1,LAMB1_PROT,0,RRAS2_PROT,1,DOCK4_PROT,3,SLC43A2_PROT,2,ABCC2_PROT,0,MPP5_PROT,1,COL6A3_PROT,0,RDH13_PROT,0,STARD10_PROT,3,NUDCD2_PROT,1,ADPRHL2_PROT,1,TMEM56_PROT,1,AADAT_PROT,0,TOR1B_PROT,1,GOLPH3L_PROT,2,PPIH_PROT,0,CHMP2B_PROT,1,CTSA_PROT,0,ITGAV_PROT,0,GTF3C2_PROT,0,HBA1_PROT,1,BAK1_PROT,0,KDELC2_PROT,1,RPA3_PROT,1,ARHGDIB_PROT,0,RAB11FIP5_PROT,0,BLNK_PROT,0,NAGK_PROT,1,MTRF1L_PROT,2,MYO7B_PROT,2,ARVCF_PROT,1,SUCLG2_PROT,1,UBA6_PROT,0,RRAS_PROT,0,CDKL5_PROT,0,RTEL1_PROT,1,TUBA8_PROT,0,FNBP1_PROT,2,CRYL1_PROT,1,PHLDA2_PROT,1,TMTC3_PROT,1,RRAS_PROT,1,PTRF_PROT,3,RASSF2_PROT,1,VMP1_PROT,2,HEG1_PROT,0,GOLGA5_PROT,1,SETD6_PROT,2,SLC19A2_PROT,4,STAT5A_PROT,1,CEP72_PROT,0,PTGS1_PROT,4,MTHFS_PROT,0,MRPL34_PROT,1,LIX1L_PROT,3,TEAD1_PROT,1,HSPA2_PROT,2,C12orf45_PROT,1,DCK_PROT,0,RAB3GAP1_PROT,3,MYB_PROT,1,FLYWCH1_PROT,0,IRF2_PROT,1,SEMA3C_PROT,0,SPN_PROT,0,TXNIP_PROT,1,DOCK2_PROT,0,HAT1_PROT,0,KIAA1671_PROT,0,WDR54_PROT,1,FIZ1_PROT,0,LYSMD3_PROT,1,LIMCH1_PROT,2,SPN_PROT,0,RRAS_PROT,0,KLK8_PROT,1,KATNA1_PROT,2,FASTKD5_PROT,1,PLEK_PROT,0,MAT2B_PROT,1,DNMBP_PROT,1,KIRREL_PROT,2,PRKAR1B_PROT,0,DHX37_PROT,3,COL11A1_PROT,1,LAMP5_PROT,1,RAP1B_PROT,0,TANC1_PROT,0,SOGA2_PROT,1,CTNNB1_PROT,0,ARHGAP30_PROT,0,MRPS15_PROT,0,CERCAM_PROT,0,TMEM131_PROT,0,ARID2_PROT,0,NOP10_PROT,2,MFI2_PROT,1,FCHSD2_PROT,0,PMS1_PROT,0,DOPEY2_PROT,0,PXMP4_PROT,1,ADI1_PROT,0,CTPS2_PROT,0,PACSIN3_PROT,1,NUDT21_PROT,0,EFHD1_PROT,0,TRIOBP_PROT,1,PEAR1_PROT,1,MPP2_PROT,0,FAM49A_PROT,0,EXOC5_PROT,3,SLC41A3_PROT,1,GALNT14_PROT,1,DAB2_PROT,1,SNRPB2_PROT,2,AKNA_PROT,0,SLC17A5_PROT,0,SEPHS2_PROT,0,MCPH1_PROT,1,CERS2_PROT,1,DGKZ_PROT,0,NDRG2_PROT,1,HSD17B11_PROT,3,CORO6_PROT,2,DMTF1_PROT,0,IFNAR2_PROT,4,TRMT5_PROT,1,CDK7_PROT,0,XPNPEP1_PROT,0,KDM3A_PROT,1,OSBPL6_PROT,2,PTK2B_PROT,3,HMOX1_PROT,1,YIPF6_PROT,0,GNG12_PROT,0,MYO1C_PROT,0,GCFC2_PROT,0,RASAL3_PROT,1,PTGR1_PROT,1,TAPT1_PROT,1,ARHGEF6_PROT,0,ZNF213_PROT,0,ELP2_PROT,1,ENGASE_PROT,0,WDR45B_PROT,1,MPPED2_PROT,2,HSD17B12_PROT,1,ALDH3B1_PROT,2,STK38L_PROT,1,PRRC2C_PROT,2,PNKP_PROT,0,EIF3D_PROT,1,ACSL5_PROT,2,APOB_PROT,4,ICAM3_PROT,0,TOR1AIP2_PROT,1,RCSD1_PROT,1,RCSD1_PROT,1,N4BP3_PROT,1,AHNAK2_PROT,3,ICAM3_PROT,1,CD3EAP_PROT,0,AHNAK2_PROT,2,LUZP1_PROT,1,VAMP3_PROT,0,GRB2_PROT,2,PIGQ_PROT,0,CD151_PROT,2,KIRREL_PROT,0,BCDIN3D_PROT,1,IKBIP_PROT,0,CRIM1_PROT,4,GRN_PROT,0,GALK1_PROT,1,AKAP12_PROT,2,RGN_PROT,1,SORD_PROT,1,RPIA_PROT,1,AARSD1_PROT,0,PPA1_PROT,0,FERMT3_PROT,0,MAP4K1_PROT,0,LRMP_PROT,1,LYZ_PROT,0,GPC1_PROT,2,ZFYVE16_PROT,0,TRAPPC8_PROT,0,ARHGAP25_PROT,1,RAB13_PROT,0,DOK3_PROT,0,IKZF1_PROT,0,NCOA4_PROT,2,LMNA_PROT,0,GINM1_PROT,2,PLIN2_PROT,1,LAMC1_PROT,0
12,MKLN1_PROT,0,SENP6_PROT,0,TIMM44_PROT,0,OSTM1_PROT,0,UBE2Q1_PROT,0,VASP_PROT,3,SP2_PROT,1,DNPH1_PROT,0,CTNND1_PROT,1,GTSE1_PROT,0,WNT5B_PROT,1,MPP5_PROT,0,IQGAP1_PROT,1,ADAM9_PROT,0,HAUS1_PROT,0,FSTL1_PROT,0,KIF15_PROT,0,TPX2_PROT,1,WAS_PROT,0,C6orf203_PROT,1,MARK2_PROT,0,ASF1B_PROT,0,SCNM1_PROT,2,MEX3B_PROT,0,RAB7A_PROT,1,ADCK4_PROT,0,NPTXR_PROT,1,UGCG_PROT,3,E2F3_PROT,2,FSTL1_PROT,0,ZBTB39_PROT,1,SFR1_PROT,0,CHPF_PROT,1,COG2_PROT,0,STMN4_PROT,0,RGS18_PROT,0,OSBPL1A_PROT,1,PGRMC1_PROT,0,PTPN6_PROT,2,LYSMD1_PROT,3,ACBD3_PROT,1,SAMD12_PROT,3,ARHGAP25_PROT,0,JMJD7_PROT,3,PSEN1_PROT,1,CSK_PROT,1,ZNF823_PROT,3,PAN2_PROT,0,PIGG_PROT,0,WDR6_PROT,1,BRI3_PROT,2,NLN_PROT,2,SDAD1_PROT,0,TRPV2_PROT,1,LAMC1_PROT,0,D2HGDH_PROT,4,CD33_PROT,0,FKBP14_PROT,1,NFIA_PROT,1,CADM4_PROT,1,NDFIP1_PROT,0,XPC_PROT,1,SH3BP4_PROT,0,MYBPH_PROT,2,PDCD6_PROT,0,UBQLN3_PROT,2,BCKDK_PROT,0,YARS_PROT,0,DNAJC9_PROT,1,LAMC1_PROT,0,NPTN_PROT,0,S100A10_PROT,1,RSAD2_PROT,3,45910_PROT_PROT,2,SDC4_PROT,1,SH3BP4_PROT,1,PYCR1_PROT,2,CDCA3_PROT,0,MREG_PROT,2,CMPK1_PROT,0,FKBP8_PROT,0,UHRF2_PROT,1,S100P_PROT,1,ANKRD44_PROT,1,PTPN14_PROT,1,PLCD3_PROT,0,MRRF_PROT,1,PTPN6_PROT,1,MPP5_PROT,1,CSK_PROT,0,ZC3H6_PROT,0,CTNNA1_PROT,0,FOXJ3_PROT,0,DOK3_PROT,1,HMGB1_PROT,0,PLA2G7_PROT,2,PVRL4_PROT,0,NME4_PROT,0,TIMM50_PROT,3,RXRA_PROT,1,STYK1_PROT,1,CHMP1B_PROT,2,AGRN_PROT,2,RCSD1_PROT,0,ADAMTS3_PROT,0,MTCH1_PROT,0,C11orf57_PROT,1,SH3BP1_PROT,2,HSPG2_PROT,1,ZDHHC4_PROT,0,RFTN1_PROT,0,NUCKS1_PROT,0,ITGB5_PROT,1,RAB4A_PROT,2,BAX_PROT,3,SARS_PROT,0,NDUFV3_PROT,3,FBXO3_PROT,2,HECTD4_PROT,3,GMFG_PROT,0,HSPA12A_PROT,0,PALLD_PROT,1,VWA8_PROT,1,CD63_PROT,2,HMGA2_PROT,1,PLEKHG3_PROT,1,TEAD2_PROT,1,GRK6_PROT,0,GUK1_PROT,1,HAGHL_PROT,1,OTUD4_PROT,2,COMTD1_PROT,1,COQ6_PROT,1,GPT2_PROT,0,BCL2L13_PROT,0,CTNNA1_PROT,0,UGCG_PROT,1,HSD11B2_PROT,0,FOPNL_PROT,0,HEXB_PROT,0,GYG1_PROT,2,BRAT1_PROT,0,CHCHD2_PROT,2,PIK3CA_PROT,1,DNAJC8_PROT,0,TRIT1_PROT,1,IL16_PROT,0,ELMOD2_PROT,0,ERN1_PROT,0,ZFYVE1_PROT,0,CRABP2_PROT,1,RPUSD2_PROT,1,UFC1_PROT,1,SEPHS2_PROT,1,ITPKB_PROT,1,ZNF536_PROT,2,SMAP2_PROT,1,AKAP6_PROT,0,NCKAP1L_PROT,0,SLC31A1_PROT,0,AMMECR1_PROT,0,IFITM3_PROT,0,LMNA_PROT,0,MAP4K1_PROT,0,PITHD1_PROT,3,TSPAN8_PROT,0,YIPF6_PROT,0,SIN3A_PROT,0,RBMS2_PROT,3,PLEKHH2_PROT,1,DCTPP1_PROT,1,EIF2AK4_PROT,0,AIM1_PROT,0,TEAD1_PROT,0,MAGEA8_PROT,2,KIFC3_PROT,2,SOX6_PROT,2,ULBP2_PROT,0,ARHGAP29_PROT,1,ZC3H15_PROT,2,ITGAV_PROT,1,TCTN3_PROT,2,PICK1_PROT,1,SH3D19_PROT,0,LMNA_PROT,0,DOK3_PROT,2,MFF_PROT,0,GNG12_PROT,1,HMGB2_PROT,0,PON2_PROT,0,PTPN6_PROT,1,ZDHHC6_PROT,1,WIBG_PROT,1,EGLN1_PROT,0,GGA3_PROT,3,SORD_PROT,2,DCBLD2_PROT,3,NMD3_PROT,2,CRIM1_PROT,0,CRTAP_PROT,2,S100A10_PROT,2,CELSR2_PROT,0,PGGT1B_PROT,1,ZFYVE16_PROT,2,GMFB_PROT,1,S100A10_PROT,3,HK1_PROT,0,UFC1_PROT,0,PSEN2_PROT,3,PDCD4_PROT,1,BUB1B_PROT,2,BTK_PROT,1,FAR1_PROT,1,UBFD1_PROT,0,TATDN3_PROT,0,TSPAN6_PROT,0,ITM2B_PROT,1,SPN_PROT,0,GNG12_PROT,1,IRF2_PROT,1,RNF5_PROT,0,UBE2G1_PROT,2,RAB13_PROT,0,PTGFRN_PROT,0,RAB13_PROT,0
13,GNB4_PROT,1,NCKAP1_PROT,0,C1orf131_PROT,0,SOX10_PROT,0,ABCC4_PROT,0,GMPR_PROT,1,ENTPD3_PROT,0,THEMIS_PROT,0,CTTN_PROT,1,MYO5A_PROT,1,FOXP4_PROT,3,NT5E_PROT,2,RNF213_PROT,0,BAIAP2L1_PROT,2,MPLKIP_PROT,2,ADCK3_PROT,1,DDHD1_PROT,0,CHURC1_PROT,2,GOLGA7_PROT,0,ELANE_PROT,1,PLA2G12A_PROT,1,COL7A1_PROT,0,CNOT8_PROT,2,EDC3_PROT,0,ARMCX2_PROT,1,PPA1_PROT,0,TPRG1L_PROT,0,PRPS1_PROT,0,CLTB_PROT,2,TSSC1_PROT,1,PCF11_PROT,1,RCC2_PROT,0,SLIT1_PROT,1,MAP7_PROT,1,LAMC1_PROT,0,MST4_PROT,0,ASB7_PROT,1,ZCCHC14_PROT,0,ABRACL_PROT,0,GGACT_PROT,0,R3HDM2_PROT,1,GFOD2_PROT,0,GOLGA5_PROT,0,NPDC1_PROT,2,NUBP1_PROT,0,SAMHD1_PROT,1,GPC1_PROT,0,GAB2_PROT,1,NFE2L1_PROT,0,CHRAC1_PROT,2,NCSTN_PROT,1,SLC6A8_PROT,2,PTPRS_PROT,1,RPS6KA5_PROT,0,TSPAN6_PROT,1,KATNB1_PROT,1,P2RX4_PROT,1,KDM4A_PROT,2,MXRA8_PROT,2,TSSC4_PROT,2,GNA12_PROT,0,DIS3L2_PROT,1,REL_PROT,0,PAPD7_PROT,2,CLINT1_PROT,0,TRIM67_PROT,2,PI4K2B_PROT,0,AFF4_PROT,2,KANK2_PROT,0,TSC22D4_PROT,1,CST3_PROT,3,HMGB2_PROT,0,CAV1_PROT,2,REL_PROT,0,JADE2_PROT,0,XIRP1_PROT,1,PLEKHG4B_PROT,0,KDSR_PROT,0,BTN2A1_PROT,0,SDK1_PROT,0,CNOT6L_PROT,1,MCM4_PROT,0,ATN1_PROT,0,DSC2_PROT,0,BSPRY_PROT,1,ABLIM2_PROT,2,CAMKMT_PROT,2,DOK3_PROT,1,LAMB2_PROT,1,TOR1AIP2_PROT,1,CDC27_PROT,1,RHOG_PROT,1,UCHL3_PROT,1,UROS_PROT,1,OSBP_PROT,0,ARHGAP30_PROT,0,PLA2G7_PROT,2,PTRF_PROT,1,OSTM1_PROT,1,IKBKG_PROT,0,DHX57_PROT,0,CTNND1_PROT,0,ICAM3_PROT,0,PPP2R2A_PROT,2,GORAB_PROT,0,HAUS1_PROT,0,LIG4_PROT,4,PRG4_PROT,0,KIAA1143_PROT,0,TOM1_PROT,1,AP1AR_PROT,2,MYO1G_PROT,0,CCP110_PROT,0,DOCK9_PROT,0,UBE2NL_PROT,1,CD44_PROT,1,G6PD_PROT,0,INPP5F_PROT,2,ITGAV_PROT,2,RCSD1_PROT,0,C19orf54_PROT,1,CKS2_PROT,2,CENPH_PROT,0,SLX4_PROT,0,ZMYND8_PROT,0,RPLP1_PROT,0,LMNA_PROT,1,SLC25A20_PROT,0,FASN_PROT,1,APOBR_PROT,0,UNC13D_PROT,0,LARP1_PROT,1,GNG12_PROT,1,HID1_PROT,2,PIAS2_PROT,1,ENOSF1_PROT,0,PLAU_PROT,2,CALCOCO2_PROT,0,FNTB_PROT,0,EEA1_PROT,1,STMN1_PROT,0,RBM4B_PROT,1,CYB5R2_PROT,0,EHD1_PROT,1,GMFB_PROT,0,ITGB5_PROT,0,ZDHHC3_PROT,2,MUC1_PROT,0,TK2_PROT,1,C16orf72_PROT,0,CCNDBP1_PROT,0,SEL1L3_PROT,0,ENO1_PROT,2,CCNYL1_PROT,1,PIK3CD_PROT,0,MYH15_PROT,0,BCL9_PROT,2,SRXN1_PROT,2,C1orf52_PROT,0,TSKU_PROT,0,CRTAP_PROT,0,C19orf44_PROT,4,MAP4K1_PROT,2,DAP3_PROT,0,SNTB2_PROT,0,SPEN_PROT,0,PCDHB2_PROT,0,C19orf44_PROT,1,FAM168A_PROT,0,PTPN13_PROT,2,CD151_PROT,0,MAN2A1_PROT,0,ETV3_PROT,2,TYRP1_PROT,4,COMMD2_PROT,0,PPP1R18_PROT,0,POU3F3_PROT,0,NUBP1_PROT,1,NPEPL1_PROT,0,NUP98_PROT,0,PSTPIP2_PROT,0,FBP1_PROT,1,DOCK2_PROT,1,FNBP1_PROT,0,NCKAP1_PROT,1,GOLGA1_PROT,0,CDC42BPA_PROT,0,FAM107B_PROT,0,CTTN_PROT,0,DOK3_PROT,1,APOB_PROT,3,KIRREL_PROT,2,PADI2_PROT,0,SORD_PROT,2,FASN_PROT,2,CD59_PROT,0,ITGA3_PROT,0,CAV1_PROT,2,DENR_PROT,0,CD151_PROT,2,SLC12A4_PROT,1,TOR1AIP2_PROT,0,EGLN1_PROT,0,FZD6_PROT,1,GPC3_PROT,3,C6orf57_PROT,2,CLDN1_PROT,2,AFF4_PROT,0,PTK2B_PROT,0,NFATC3_PROT,0,CD59_PROT,2,CNTRL_PROT,2,TLK2_PROT,1,CHD1L_PROT,1,CRTAP_PROT,1,ARHGAP25_PROT,1,DNAJC9_PROT,0,TOM1L1_PROT,0,SH3D19_PROT,0,DOK3_PROT,0,LAMB2_PROT,0,PURA_PROT,0,PTPRC_PROT,0,TM7SF3_PROT,2,ICAM3_PROT,0
14,SERPIND1_PROT,0,CRTC2_PROT,0,PAM_PROT,0,CDK12_PROT,1,BRAF_PROT,0,RILP_PROT,1,SDF2_PROT,0,FAM65A_PROT,0,CSK_PROT,2,NNT_PROT,2,GOT1_PROT,0,MEX3B_PROT,0,MYH11_PROT,1,KIAA0907_PROT,2,NAA20_PROT,1,SEMA4B_PROT,3,SP140_PROT,0,MRPS5_PROT,1,SZRD1_PROT,1,CYB5R2_PROT,1,MNDA_PROT,0,DAGLB_PROT,0,GCLC_PROT,3,AGRN_PROT,0,VAT1_PROT,1,CMPK1_PROT,1,MRPS23_PROT,0,BRAP_PROT,0,OXCT1_PROT,3,VCPKMT_PROT,1,MT1G_PROT,3,MEIS1_PROT,1,GPR98_PROT,1,ISG20_PROT,1,CFL1_PROT,0,PGLS_PROT,1,PPP3CA_PROT,0,FSTL1_PROT,1,C5orf42_PROT,0,CTNNA1_PROT,0,WHAMM_PROT,4,LYSMD3_PROT,0,MPP5_PROT,0,EFTUD1_PROT,2,ATP12A_PROT,0,STMN4_PROT,0,CLASP2_PROT,0,DOCK2_PROT,0,C7orf10_PROT,1,HAUS1_PROT,0,TSSC4_PROT,0,RUFY2_PROT,0,GDPD3_PROT,0,CHFR_PROT,2,RIMKLB_PROT,3,AGMAT_PROT,3,CWC15_PROT,0,RPS19BP1_PROT,1,C5orf30_PROT,0,EIF2B3_PROT,2,NR2F6_PROT,0,XIRP1_PROT,4,MPRIP_PROT,0,PLEKHA8_PROT,0,TJP3_PROT,2,DDX54_PROT,1,GIPC2_PROT,0,DPY19L4_PROT,1,DUSP9_PROT,0,FGD3_PROT,2,MYO1C_PROT,1,MYO1C_PROT,1,DNAJC9_PROT,2,HMGB2_PROT,0,ATMIN_PROT,1,ADSL_PROT,0,UGT2A3_PROT,1,SHANK2_PROT,1,LAMP5_PROT,0,GPD1_PROT,0,WDR26_PROT,0,CBR3_PROT,1,MEP1A_PROT,0,CYB5R1_PROT,0,ZNF608_PROT,0,RAB13_PROT,1,PTRH1_PROT,0,CSK_PROT,1,CTNNA1_PROT,1,CTNNA2_PROT,1,ANXA11_PROT,1,RRAS2_PROT,1,ARFRP1_PROT,0,DLG2_PROT,4,TNFRSF1A_PROT,3,RAI1_PROT,0,TMEM59_PROT,3,RNF185_PROT,1,HNF1A_PROT,0,SLC25A18_PROT,1,ERAL1_PROT,0,CORO6_PROT,1,POLR2L_PROT,0,UBE2N_PROT,1,MTMR12_PROT,1,RNF113A_PROT,0,SPRY2_PROT,0,FAM127B_PROT,1,RUFY3_PROT,1,TRUB2_PROT,0,CPE_PROT,0,ATP6V1E1_PROT,1,LCOR_PROT,1,ZBTB10_PROT,1,EFNA5_PROT,0,TBCA_PROT,0,FAM84B_PROT,0,VPREB1_PROT,1,LMNA_PROT,0,FAM83H_PROT,2,CCDC25_PROT,0,GOLGA1_PROT,0,CCDC25_PROT,0,SLC4A8_PROT,2,ABAT_PROT,0,SYNGR2_PROT,2,GUK1_PROT,1,PRRC1_PROT,0,CD4_PROT,0,POLR2L_PROT,0,PLEKHG2_PROT,1,FAM69B_PROT,0,AKR1A1_PROT,0,TNKS1BP1_PROT,0,AGPS_PROT,2,PTPN6_PROT,2,PODXL_PROT,2,TIGAR_PROT,0,IFT20_PROT,0,SEMA4D_PROT,0,PTPN6_PROT,1,TMEM167B_PROT,0,LIAS_PROT,4,BPNT1_PROT,0,HMGB2_PROT,0,ITGAV_PROT,0,TRIO_PROT,1,CRIP2_PROT,1,AMBP_PROT,4,CACFD1_PROT,0,EVI2B_PROT,1,IKBIP_PROT,2,IRF2_PROT,1,SLC9A3R1_PROT,0,AP1S1_PROT,0,DCBLD2_PROT,2,LAMB2_PROT,1,SPRYD7_PROT,0,SNTB2_PROT,0,MIPEP_PROT,0,MSRA_PROT,0,NAV1_PROT,2,GNG12_PROT,0,RGN_PROT,1,INPP4A_PROT,1,RPS29_PROT,2,ATP6V0A1_PROT,1,NELL2_PROT,0,LLGL1_PROT,0,USP19_PROT,0,NFATC3_PROT,0,ERCC1_PROT,1,OCIAD2_PROT,0,PTP4A1_PROT,0,PSMB5_PROT,0,RPS6KA2_PROT,0,RPS27L_PROT,0,NUDT5_PROT,0,PMS1_PROT,0,PDK2_PROT,0,AGTRAP_PROT,0,QSER1_PROT,0,SEPHS2_PROT,1,LRMP_PROT,2,WAS_PROT,1,LMNA_PROT,0,PARVB_PROT,2,PABPC4_PROT,0,EPN2_PROT,2,CMTM6_PROT,1,CD59_PROT,1,HAUS1_PROT,0,CLDND1_PROT,1,KNOP1_PROT,0,C1orf123_PROT,0,PARVA_PROT,1,PTRF_PROT,3,HPSE_PROT,3,CYR61_PROT,2,AXL_PROT,3,ITGB1_PROT,3,NCAPH2_PROT,0,C21orf59_PROT,0,DOK3_PROT,0,PROSER2_PROT,3,ANXA1_PROT,1,CAV2_PROT,3,RPIA_PROT,0,VTN_PROT,0,LAMC1_PROT,0,TSC22D4_PROT,0,DCAF7_PROT,0,CAV2_PROT,1,HNMT_PROT,1,GPC1_PROT,1,MYO1C_PROT,0,PPIC_PROT,1,MRPS15_PROT,0,DOCK2_PROT,0,NR2F1_PROT,0,FZD6_PROT,2,EXOC6B_PROT,0,LAMC1_PROT,0,SH3BGRL_PROT,0,FERMT3_PROT,2
15,CNTNAP1_PROT,0,ITGB1_PROT,0,ATP2A2_PROT,1,TBC1D22A_PROT,1,VTN_PROT,1,ALCAM_PROT,1,CPEB2_PROT,2,FN1_PROT,0,MEX3B_PROT,0,HERC6_PROT,3,NUDT16_PROT,0,HAT1_PROT,0,FAM120A_PROT,1,STARD9_PROT,3,STX12_PROT,0,AHNAK2_PROT,0,DDO_PROT,1,NDUFA4L2_PROT,0,RNASEH2C_PROT,2,PDLIM1_PROT,1,PCBP1_PROT,0,LDB1_PROT,2,SLIT1_PROT,1,PNPO_PROT,0,PLP1_PROT,2,SORBS1_PROT,0,GAS6_PROT,0,TMEM163_PROT,0,SCD5_PROT,0,POSTN_PROT,0,ARHGAP30_PROT,0,CUBN_PROT,3,SMAD4_PROT,0,ENG_PROT,1,WAS_PROT,1,GPM6B_PROT,2,SCRN1_PROT,0,OSGEP_PROT,1,INPP4A_PROT,0,ZFHX3_PROT,0,TNFAIP3_PROT,0,C10orf11_PROT,0,ITGAV_PROT,1,TRIM38_PROT,1,SPN_PROT,0,WBP5_PROT,0,IQGAP3_PROT,0,PTPN7_PROT,0,BTN3A2_PROT,1,ADCY3_PROT,1,PTRH2_PROT,0,POLR3H_PROT,0,C19orf54_PROT,0,EHD1_PROT,2,UACA_PROT,2,UGT1A6_PROT,0,WDR33_PROT,0,PCBD2_PROT,1,IWS1_PROT,1,HID1_PROT,3,MGST3_PROT,2,KIAA1671_PROT,0,MYO7B_PROT,2,RAB2B_PROT,0,ABHD11_PROT,2,CD44_PROT,3,ESPNL_PROT,0,SLC1A5_PROT,1,AMBP_PROT,3,FERMT3_PROT,0,DCUN1D5_PROT,2,ACYP1_PROT,0,YARS_PROT,1,ACYP1_PROT,0,SUCLG2_PROT,1,RIOK3_PROT,2,MVK_PROT,0,MYO1G_PROT,0,RCN1_PROT,1,SIPA1L3_PROT,1,LDLRAD3_PROT,0,SMG7_PROT,0,ARHGEF10L_PROT,1,F11R_PROT,3,HPCAL1_PROT,2,ARPP19_PROT,2,NDUFAF3_PROT,0,RASGRP2_PROT,0,SMAP2_PROT,1,45910_PROT_PROT,2,CTSL_PROT,0,PDCD4_PROT,2,EFEMP1_PROT,1,TOR1AIP2_PROT,2,DHFRL1_PROT,0,RELT_PROT,2,DGCR2_PROT,1,PTS_PROT,3,MST1R_PROT,0,ZBTB34_PROT,0,SPIDR_PROT,0,PPFIBP1_PROT,0,NCKAP1_PROT,2,CTTN_PROT,0,OSBPL5_PROT,1,CD46_PROT,3,ANTXR2_PROT,0,PCMTD1_PROT,1,RNASEH2A_PROT,0,SLC33A1_PROT,0,IGF2BP2_PROT,0,NFIC_PROT,0,NSA2_PROT,0,CCSER2_PROT,0,AGRN_PROT,0,SDCBP_PROT,2,ZBTB8OS_PROT,0,MPC2_PROT,0,HEG1_PROT,0,NT5DC3_PROT,2,PLCB3_PROT,0,NISCH_PROT,2,EPS8L1_PROT,0,NDUFV2_PROT,0,RAB14_PROT,2,HSD17B11_PROT,1,ZFYVE19_PROT,0,CNTNAP1_PROT,0,EIF2B5_PROT,0,HSPA1A_PROT,2,ELMO3_PROT,0,ARRB2_PROT,0,CAPZA1_PROT,2,RPP25L_PROT,2,CARHSP1_PROT,0,YARS_PROT,0,ANK2_PROT,1,HNF4A_PROT,2,MTERFD1_PROT,0,KIAA1161_PROT,1,PARP1_PROT,0,CUL5_PROT,0,TMX2_PROT,3,BRF2_PROT,0,GPC1_PROT,0,CAV1_PROT,0,ANXA3_PROT,0,CD276_PROT,0,CCDC109B_PROT,2,KIRREL_PROT,0,SPRR3_PROT,1,CAV1_PROT,0,AKNA_PROT,2,LDHA_PROT,0,HOXA10_PROT,1,C16orf80_PROT,2,IDH1_PROT,2,RGN_PROT,1,ZSCAN18_PROT,2,WDR45B_PROT,0,DCAF5_PROT,0,HSD17B12_PROT,2,DNAJC9_PROT,0,GIPC1_PROT,0,LAMC1_PROT,0,GC_PROT,1,MRE11A_PROT,0,PDLIM1_PROT,2,AHNAK2_PROT,1,GPX8_PROT,0,MLTK_PROT,0,SASH1_PROT,3,PALM_PROT,1,PRMT2_PROT,0,DUSP6_PROT,1,KDM4B_PROT,0,EML4_PROT,1,L1CAM_PROT,2,MIER1_PROT,1,TCEA1_PROT,0,MCM3AP_PROT,0,ZMYM1_PROT,2,HAUS1_PROT,0,ITGAV_PROT,0,RNASEH2A_PROT,0,FKBP9_PROT,0,FBXO2_PROT,1,KLC1_PROT,0,TMTC3_PROT,0,LMNA_PROT,1,ANKS1A_PROT,2,WIBG_PROT,1,SEPHS2_PROT,1,ABHD5_PROT,1,CTNNB1_PROT,0,GNB3_PROT,2,RAI14_PROT,1,STK24_PROT,1,FAM107B_PROT,0,PROSER2_PROT,2,GNB3_PROT,2,GOPC_PROT,0,PCBP1_PROT,0,PPA1_PROT,0,C6orf89_PROT,1,B3GALTL_PROT,1,SORD_PROT,3,OSTM1_PROT,0,BTK_PROT,2,MRPS11_PROT,1,UACA_PROT,0,GPA33_PROT,0,S100A10_PROT,1,LYPLA1_PROT,0,CCDC25_PROT,1,TMEM135_PROT,0,ICAM3_PROT,0,C3orf17_PROT,0,PSMD9_PROT,2,TSC22D4_PROT,0,EXT2_PROT,0,PCBP1_PROT,0,FERMT3_PROT,1,HLA-DQB1_PROT,0,ARHGAP25_PROT,0
16,ASGR1_PROT,0,CNN2_PROT,2,PIGS_PROT,0,HAT1_PROT,0,NUDT3_PROT,1,RANGRF_PROT,0,FOXP1_PROT,3,CALCOCO1_PROT,1,HBA1_PROT,1,TAPBPL_PROT,1,ACAD11_PROT,0,SH3BP4_PROT,2,TAP2_PROT,1,DCAF7_PROT,0,GNL2_PROT,0,RUFY2_PROT,0,HOXD9_PROT,2,AKAP8L_PROT,2,PDPK1_PROT,2,TUBGCP6_PROT,1,STIM1_PROT,2,TANC1_PROT,1,DNAH11_PROT,0,GMFB_PROT,0,DLC1_PROT,0,EFNB2_PROT,1,TOR1B_PROT,4,KIAA1161_PROT,0,LRRC15_PROT,0,APOBEC3C_PROT,0,TJP1_PROT,1,AMN1_PROT,0,YIPF3_PROT,1,PTPLB_PROT,0,RRAS_PROT,0,USP12_PROT,0,DDX39A_PROT,0,RAB12_PROT,1,EFNB2_PROT,2,GSTCD_PROT,0,C8orf82_PROT,0,CLEC3B_PROT,0,ERP29_PROT,2,TAPBP_PROT,0,TMED2_PROT,1,LRP8_PROT,0,SF3A2_PROT,0,ELMO1_PROT,1,SDC1_PROT,0,SELK_PROT,1,TULP3_PROT,0,PCYOX1_PROT,1,ITM2B_PROT,0,IFI16_PROT,3,RAB6A_PROT,1,TMED4_PROT,0,SLC31A1_PROT,2,CORO1C_PROT,1,COBLL1_PROT,0,LIN7C_PROT,0,EXOSC5_PROT,0,ENO1_PROT,0,DENND4A_PROT,0,PCDH19_PROT,1,ZDHHC9_PROT,0,APOL2_PROT,0,BCL3_PROT,1,ATMIN_PROT,2,CP_PROT,1,TRUB2_PROT,0,SH3BP1_PROT,0,AGRN_PROT,3,OLFML2A_PROT,0,SDC4_PROT,2,SLC25A15_PROT,1,EPN2_PROT,1,HLA-DRA_PROT,0,PAPD7_PROT,0,CCDC90B_PROT,0,KCTD5_PROT,1,HIST1H1A_PROT,1,CD99_PROT,2,RECQL4_PROT,1,SIPA1_PROT,1,TNNI3K_PROT,0,GTSE1_PROT,0,PSG3_PROT,0,RNF185_PROT,0,DCK_PROT,0,LMNA_PROT,1,TMEM5_PROT,0,LAMB2_PROT,1,AGTRAP_PROT,1,PTPN6_PROT,2,PGLS_PROT,0,CCDC120_PROT,2,CTPS1_PROT,0,LDLRAD3_PROT,2,NDUFA4_PROT,0,NMT2_PROT,2,MX1_PROT,0,FDXR_PROT,0,45910_PROT_PROT,2,YTHDF3_PROT,1,MCM7_PROT,0,FERMT3_PROT,0,DNAH1_PROT,0,TMF1_PROT,0,ADAM10_PROT,2,NOTCH2_PROT,2,FEZ2_PROT,1,CORO7_PROT,0,AFF4_PROT,1,MRPL14_PROT,0,RASGRP2_PROT,0,PCNP_PROT,0,ITGB4_PROT,0,MDM4_PROT,1,LAMB2_PROT,1,SH3D19_PROT,1,ALDH1B1_PROT,0,XPC_PROT,1,POU2AF1_PROT,1,TAP1_PROT,0,OMA1_PROT,0,CLCN6_PROT,0,CDKL5_PROT,1,NID1_PROT,1,ZBTB4_PROT,0,DENND1A_PROT,1,BHMT2_PROT,0,ZDHHC4_PROT,0,C9orf142_PROT,3,LRRC1_PROT,1,INADL_PROT,0,CLIC5_PROT,2,TAGLN_PROT,0,MMP14_PROT,0,TFAP2B_PROT,0,PCMTD1_PROT,0,CCDC12_PROT,0,ZNF606_PROT,0,DNAJC17_PROT,0,CST5_PROT,1,FAM117A_PROT,0,FLNA_PROT,0,AKR7A2_PROT,0,SNX3_PROT,1,PCBP1_PROT,0,AKR7A2_PROT,0,FNBP1_PROT,0,PVRL2_PROT,1,LDLR_PROT,1,A2M_PROT,1,KPNB1_PROT,1,ARF6_PROT,0,GPX8_PROT,1,SMIM7_PROT,1,RCSD1_PROT,1,FAM49B_PROT,0,CEP44_PROT,1,XYLT2_PROT,0,YAP1_PROT,1,GPSM3_PROT,0,MIPEP_PROT,0,ZFHX4_PROT,1,MAP2K7_PROT,0,BCL9_PROT,0,PHYHIPL_PROT,3,EFNA1_PROT,0,GPSM2_PROT,0,FOSL2_PROT,0,TMEM97_PROT,2,PTPRC_PROT,0,SEC13_PROT,2,ZNF410_PROT,0,EFHD2_PROT,0,CLCC1_PROT,4,NCEH1_PROT,1,C6orf203_PROT,0,UACA_PROT,0,SLC26A2_PROT,0,CLDND1_PROT,1,FSCN1_PROT,1,SLBP_PROT,0,RNASEH2A_PROT,0,CRTAP_PROT,1,KCTD8_PROT,0,PTPN6_PROT,3,AGRN_PROT,1,TOR1AIP2_PROT,1,ACTN1_PROT,2,CD274_PROT,0,RCN1_PROT,0,SLC38A2_PROT,0,ERC1_PROT,0,TWSG1_PROT,1,SAV1_PROT,0,LGALS8_PROT,0,CANT1_PROT,3,BICD1_PROT,1,DUOX1_PROT,0,RNF20_PROT,0,IRF2_PROT,2,CRIM1_PROT,1,PTRF_PROT,1,CCDC25_PROT,0,ZFYVE16_PROT,0,CYCS_PROT,2,MPRIP_PROT,1,NARF_PROT,0,RAB13_PROT,1,ALPP_PROT,2,APP_PROT,0,EXOC6B_PROT,1,XPO4_PROT,1,LAGE3_PROT,0,NDUFA4_PROT,2,IRF2_PROT,1,LIMD2_PROT,1,PUS7_PROT,2,LYPLA1_PROT,1,CDC42BPB_PROT,2,CDC42BPB_PROT,0,KIAA1143_PROT,1
17,EVI2A_PROT,2,ACOT9_PROT,1,USP11_PROT,0,ARL6IP6_PROT,0,AKR7A2_PROT,0,TGM5_PROT,2,NOTCH1_PROT,0,PHLDB1_PROT,0,DNAJC9_PROT,1,PEX10_PROT,1,PDCD2_PROT,0,CBFB_PROT,2,PDZD2_PROT,1,TMEM189_PROT,2,CTNND1_PROT,0,IREB2_PROT,0,COMMD8_PROT,0,GTSE1_PROT,0,SLC35F6_PROT,1,CAPN5_PROT,0,TRMT5_PROT,0,CNTRL_PROT,0,ZNF746_PROT,0,TRIM63_PROT,2,ANXA5_PROT,0,TOR1AIP1_PROT,2,NDUFA3_PROT,0,CYP27A1_PROT,0,IL4I1_PROT,0,RBMS1_PROT,1,ARID3A_PROT,2,STRN_PROT,1,IFI16_PROT,2,KIAA0319_PROT,0,PSMC1_PROT,1,RPA3_PROT,0,F8_PROT,1,RNF219_PROT,2,GNB3_PROT,0,CMPK1_PROT,2,UBE3B_PROT,1,IER3IP1_PROT,0,MEX3B_PROT,0,TRMT5_PROT,2,PIN1_PROT,0,S100A10_PROT,1,DDX20_PROT,1,BTF3L4_PROT,1,ANKRD36_PROT,2,NFATC3_PROT,2,MFSD1_PROT,0,MRPL27_PROT,1,NUS1_PROT,0,SBF1_PROT,1,MRPL19_PROT,0,KIAA1430_PROT,0,LIN52_PROT,0,MEIS1_PROT,1,HNRNPA0_PROT,0,CASP9_PROT,0,DIS3_PROT,0,SEL1L3_PROT,1,PTRF_PROT,2,BCL7B_PROT,1,GLS_PROT,1,NO66_PROT,1,MELK_PROT,0,PON2_PROT,0,HMGB2_PROT,0,ARHGAP25_PROT,2,SMAP2_PROT,2,LAMB2_PROT,1,MICA_PROT,0,GRN_PROT,1,XIRP1_PROT,0,CSTB_PROT,1,PAFAH2_PROT,1,COL5A2_PROT,0,XRN2_PROT,1,TMEM163_PROT,2,NAB1_PROT,1,SCCPDH_PROT,0,UBXN7_PROT,0,MAP7_PROT,1,45910_PROT_PROT,0,CORO7_PROT,0,NDUFA3_PROT,1,PTPN7_PROT,0,RUFY3_PROT,1,YARS_PROT,0,PHKA2_PROT,2,GUCD1_PROT,3,ARL6IP5_PROT,1,TSPAN6_PROT,1,NME1_PROT,0,PKP4_PROT,0,FDFT1_PROT,1,TFAP2C_PROT,0,TMEM97_PROT,0,CPS1_PROT,0,FAP_PROT,0,DCK_PROT,1,STMN2_PROT,2,ABLIM2_PROT,3,PER1_PROT,1,GPC1_PROT,0,BAG4_PROT,1,LAMB2_PROT,0,RFXAP_PROT,3,PARL_PROT,1,RPRD2_PROT,0,OSTF1_PROT,1,PNPLA8_PROT,1,NQO2_PROT,0,CPSF1_PROT,1,CBWD1_PROT,1,DHRS1_PROT,0,OXSM_PROT,1,AGRN_PROT,1,ITPR3_PROT,1,RPA2_PROT,0,PPP1R14B_PROT,0,MAP1B_PROT,2,ANTXR2_PROT,1,FAAH_PROT,0,NID1_PROT,1,SMAD1_PROT,0,MYO1F_PROT,0,ERBB4_PROT,0,MRPS21_PROT,0,ANXA8_PROT,0,PXMP4_PROT,1,LGALS9_PROT,0,SCAF8_PROT,1,KCTD15_PROT,1,TJP1_PROT,0,PVRL2_PROT,1,PDZD8_PROT,0,TTC8_PROT,0,TINF2_PROT,0,TMEM67_PROT,2,SORCS2_PROT,0,CASP1_PROT,1,CADM4_PROT,0,TOR1B_PROT,0,TRMT10C_PROT,0,YY1AP1_PROT,2,CFI_PROT,0,TPI1_PROT,0,BNIP2_PROT,0,SRGAP1_PROT,1,NUDT9_PROT,1,RCSD1_PROT,0,C6orf89_PROT,2,FILIP1L_PROT,0,TMED3_PROT,1,RRAS_PROT,0,RAI14_PROT,0,NCF1B_PROT,1,LIMD2_PROT,0,EML1_PROT,1,SPARC_PROT,0,SPN_PROT,0,SLC31A1_PROT,0,DR1_PROT,0,RBPJ_PROT,0,IL16_PROT,1,ROMO1_PROT,0,CCDC69_PROT,0,ANAPC10_PROT,1,PCBP1_PROT,1,SLC35C1_PROT,0,SNX6_PROT,2,PGLS_PROT,0,CEP44_PROT,0,SPEN_PROT,0,C9orf114_PROT,0,TMEM161A_PROT,0,CD9_PROT,2,LXN_PROT,0,MID1IP1_PROT,3,CFL2_PROT,1,FBXO2_PROT,2,GPX8_PROT,1,HAUS1_PROT,0,SEPHS2_PROT,2,TOX_PROT,2,RCC2_PROT,0,ITGAV_PROT,0,PICK1_PROT,1,MFF_PROT,0,RNASET2_PROT,0,ERC1_PROT,1,ASPSCR1_PROT,0,BCDIN3D_PROT,1,RRAS2_PROT,1,LUZP1_PROT,0,CD59_PROT,1,ARID4B_PROT,2,ST6GAL1_PROT,2,CHD1L_PROT,1,COG6_PROT,0,ERC1_PROT,0,GNG12_PROT,1,CD59_PROT,0,PNPLA2_PROT,2,ZFP36L2_PROT,1,B4GALT4_PROT,0,IKZF1_PROT,2,SIRPA_PROT,0,RAB13_PROT,0,LYZ_PROT,0,COL12A1_PROT,0,POLR3A_PROT,1,PPFIA2_PROT,0,ITPR3_PROT,1,RNF141_PROT,0,PSMD9_PROT,1,FKBP5_PROT,0,PTPRC_PROT,1,CDC42EP3_PROT,1,TMEM65_PROT,0,SLC7A1_PROT,4,HBA1_PROT,1,PCYOX1_PROT,0
18,TOMM22_PROT,0,TJP1_PROT,0,PURA_PROT,0,FAM175B_PROT,0,SEC62_PROT,0,APBA2_PROT,1,GBE1_PROT,0,ELMO2_PROT,0,AIP_PROT,2,ENO3_PROT,0,ZNF618_PROT,4,PCYOX1_PROT,0,PAFAH2_PROT,0,TIMM50_PROT,2,PCBP1_PROT,0,ITGB1_PROT,0,GMNN_PROT,1,CASP9_PROT,0,TTC4_PROT,1,RCC2_PROT,0,TRIM22_PROT,0,DDX54_PROT,0,RHBDD2_PROT,1,MET_PROT,0,SDCBP_PROT,3,FABP5_PROT,2,PPFIBP1_PROT,0,RECQL_PROT,0,ZMIZ2_PROT,0,H6PD_PROT,0,IL16_PROT,2,REV1_PROT,0,LYN_PROT,0,COG1_PROT,0,PDCD4_PROT,1,TMA7_PROT,2,DIAPH3_PROT,0,ZNF655_PROT,4,TOR1B_PROT,0,SDHB_PROT,2,TIPIN_PROT,2,FSTL1_PROT,0,COL6A2_PROT,0,ACAN_PROT,1,PARVA_PROT,0,TCTN2_PROT,0,KATNAL2_PROT,2,AGRN_PROT,1,CTNNA2_PROT,0,CD84_PROT,0,LAMTOR1_PROT,2,RASSF2_PROT,0,NFKB2_PROT,0,NIPSNAP1_PROT,0,CTNNA2_PROT,0,PLEKHA2_PROT,2,HUS1_PROT,1,TACC2_PROT,0,PRDX2_PROT,0,ADSS_PROT,0,RRS1_PROT,1,LAMA5_PROT,1,CADM1_PROT,2,C1orf198_PROT,0,OSTM1_PROT,2,ITM2B_PROT,1,MBOAT2_PROT,0,DCK_PROT,1,TRNAU1AP_PROT,0,MPP5_PROT,0,TOP3A_PROT,0,ARHGDIB_PROT,0,TMEM194B_PROT,3,TOP3A_PROT,1,ITPRIP_PROT,0,IGFLR1_PROT,1,HSD17B2_PROT,0,MAPRE3_PROT,0,EFNB2_PROT,1,TBCA_PROT,0,EXTL2_PROT,0,BAG3_PROT,1,HOXC11_PROT,0,CSNK2A2_PROT,0,TMED9_PROT,2,GOLGA5_PROT,0,NAT10_PROT,2,SPN_PROT,0,IKZF1_PROT,0,ARHGAP25_PROT,0,NAT1_PROT,1,YARS_PROT,1,ALDH7A1_PROT,1,IKZF1_PROT,0,RASSF2_PROT,0,POLI_PROT,4,JADE2_PROT,0,GRHL2_PROT,2,FUNDC1_PROT,0,NPTN_PROT,2,FAM69A_PROT,0,POLR1C_PROT,0,LYSMD1_PROT,1,ITGAV_PROT,1,VSTM2L_PROT,1,CORO1A_PROT,1,IRS2_PROT,0,BAD_PROT,1,C11orf83_PROT,2,NAP1L1_PROT,0,DPF2_PROT,2,ISOC1_PROT,2,CTNNA1_PROT,1,OSBPL9_PROT,0,GGACT_PROT,1,MIF_PROT,2,YAP1_PROT,1,DENND3_PROT,0,RBMS2_PROT,2,PRKCZ_PROT,1,INSR_PROT,0,MCCC2_PROT,0,AGPAT2_PROT,0,ACIN1_PROT,0,LMBRD2_PROT,1,PMM1_PROT,1,CRTAP_PROT,0,CNPY3_PROT,1,C11orf52_PROT,2,ARRB2_PROT,1,ZNF816_PROT,1,NRAS_PROT,0,RRAS2_PROT,0,KRAS_PROT,1,PKP4_PROT,0,MPP5_PROT,0,TMEM67_PROT,2,TXNIP_PROT,0,PRKCB_PROT,0,FAM83B_PROT,0,NHS_PROT,2,RASIP1_PROT,0,STMN1_PROT,0,SPDL1_PROT,0,ZSCAN18_PROT,2,SOX15_PROT,2,MUM1_PROT,0,GRWD1_PROT,2,PPP3CC_PROT,1,LIMCH1_PROT,1,DNAJB11_PROT,2,TRMT5_PROT,1,TDP2_PROT,0,MELK_PROT,1,SCYL3_PROT,0,DTD1_PROT,2,SERPIND1_PROT,3,DUS3L_PROT,0,PARK7_PROT,0,TMEM119_PROT,0,CCDC37_PROT,2,WWTR1_PROT,1,CDH3_PROT,1,MYO1C_PROT,0,STMN2_PROT,0,SUFU_PROT,1,VRK3_PROT,0,PHF21A_PROT,0,UBE4B_PROT,2,RASAL3_PROT,0,RGPD5_PROT,0,PRRC2A_PROT,0,PDZD2_PROT,3,ALDH7A1_PROT,1,EFCAB14_PROT,1,HDAC2_PROT,1,DAXX_PROT,1,CCDC109B_PROT,0,AHNAK_PROT,2,CCDC90B_PROT,0,HERC1_PROT,0,RCN2_PROT,0,STMN1_PROT,0,DENND4A_PROT,0,GPX8_PROT,4,UBE2NL_PROT,1,HAUS1_PROT,0,ELMO1_PROT,0,ADRBK1_PROT,1,TSPAN6_PROT,1,ARHGAP25_PROT,0,SLC12A4_PROT,3,MYO1C_PROT,3,PLOD3_PROT,1,CRTAP_PROT,1,ACTN1_PROT,4,JADE2_PROT,1,RNF40_PROT,1,EGFR_PROT,1,RBMS2_PROT,3,PTRF_PROT,3,NMD3_PROT,1,LTA4H_PROT,0,IKBIP_PROT,2,TGM2_PROT,1,CRIM1_PROT,3,GPC1_PROT,2,TPBG_PROT,1,CDC42BPB_PROT,1,EDF1_PROT,0,MIPEP_PROT,0,ZFYVE16_PROT,1,RAB13_PROT,1,HK1_PROT,0,LAMC1_PROT,0,FERMT3_PROT,1,PIK3AP1_PROT,1,PTGFRN_PROT,1,CDC42BPB_PROT,1,ZFYVE16_PROT,0,TUSC3_PROT,1,MRPS17_PROT,2,IKZF1_PROT,1,MAP4K1_PROT,0,MRPS34_PROT,0
19,SPINT2_PROT,0,LIN37_PROT,0,CRELD1_PROT,0,PTPN2_PROT,0,ACYP1_PROT,0,PARD6G_PROT,0,CECR1_PROT,2,SOX17_PROT,0,PCYOX1_PROT,0,COL7A1_PROT,1,SUPT4H1_PROT,2,EIF4B_PROT,0,MEX3A_PROT,0,ACTN1_PROT,0,DNAJA1_PROT,0,PRAF2_PROT,0,FADS2_PROT,1,SHARPIN_PROT,0,LRMP_PROT,1,CSF1_PROT,0,PRDX4_PROT,1,SLC35G2_PROT,0,ZNF217_PROT,1,MANF_PROT,0,LAYN_PROT,0,MPRIP_PROT,1,B3GALT6_PROT,0,CEP76_PROT,0,FADS3_PROT,0,PLOD1_PROT,0,BFAR_PROT,0,TRAPPC13_PROT,1,PPM1D_PROT,0,PHLDA2_PROT,0,CTNNA1_PROT,0,MUC4_PROT,1,HCCS_PROT,0,DCAF6_PROT,0,PLD1_PROT,1,CASP6_PROT,0,SRPX_PROT,0,PARD6B_PROT,0,TMTC3_PROT,1,GNPNAT1_PROT,1,PFKFB2_PROT,0,OTUD6B_PROT,0,IDUA_PROT,1,ICAM3_PROT,0,TMA7_PROT,0,TBCA_PROT,0,TMEM59_PROT,1,PRKCA_PROT,2,PSEN2_PROT,0,MYO3A_PROT,0,CDK5RAP1_PROT,2,HLA-DRA_PROT,0,SEMA3C_PROT,0,BTN3A2_PROT,0,AK5_PROT,0,NDUFA6_PROT,3,C18orf21_PROT,0,CTGF_PROT,1,TRIM9_PROT,2,RILP_PROT,0,CTNNBIP1_PROT,0,CMPK2_PROT,2,RBM47_PROT,0,LAMB2_PROT,1,TF_PROT,2,YARS_PROT,1,B3GNT1_PROT,2,PTRHD1_PROT,0,OSBPL5_PROT,0,JADE2_PROT,0,OLFML2A_PROT,1,TXNDC15_PROT,1,GSTK1_PROT,0,FIP1L1_PROT,1,C15orf41_PROT,0,TICAM2_PROT,0,TBC1D24_PROT,0,SDCBP_PROT,1,TRIM41_PROT,0,DMTN_PROT,4,PDCD4_PROT,1,TSPAN6_PROT,1,STS_PROT,1,S100A10_PROT,1,YARS_PROT,0,TICAM2_PROT,1,TMEM258_PROT,0,RUFY3_PROT,1,PFN1_PROT,0,SH3BGRL_PROT,0,NIT2_PROT,0,COL5A1_PROT,2,KIFC3_PROT,2,RRM2B_PROT,1,ULBP1_PROT,0,SIPA1_PROT,0,MAP4K4_PROT,3,EFNB1_PROT,3,TMEM163_PROT,2,GOLGA5_PROT,0,INPP5B_PROT,1,TJP1_PROT,0,NABP1_PROT,2,PTPN6_PROT,0,TSPAN6_PROT,2,HSP90AA1_PROT,1,FZD7_PROT,3,PEG10_PROT,0,MAPKAPK2_PROT,0,ABLIM1_PROT,1,TSC22D4_PROT,1,FAM53B_PROT,1,RCSD1_PROT,0,PWWP2A_PROT,0,C6orf211_PROT,1,DAXX_PROT,1,XPC_PROT,1,RAB14_PROT,0,ATP12A_PROT,0,TTYH3_PROT,0,PNO1_PROT,0,PACSIN1_PROT,0,CERS2_PROT,0,SERPINA3_PROT,1,ITGAX_PROT,0,ZFHX3_PROT,0,MSI2_PROT,1,GPR161_PROT,2,BEND7_PROT,1,MTMR4_PROT,1,ADAM9_PROT,0,CTDSPL_PROT,0,FERMT1_PROT,1,C5_PROT,2,RANGRF_PROT,0,RNF19A_PROT,2,METTL14_PROT,1,NOTCH1_PROT,0,SCAMP1_PROT,1,SOWAHC_PROT,0,WIBG_PROT,0,VPS13B_PROT,0,STX7_PROT,0,PLEKHA2_PROT,0,GALNT2_PROT,0,CNTRL_PROT,0,SMURF2_PROT,2,TMCO3_PROT,1,ALOX5AP_PROT,3,SCD_PROT,4,TLR9_PROT,2,SNAP29_PROT,0,CGGBP1_PROT,1,GSTP1_PROT,0,MAP4K1_PROT,1,ST5_PROT,0,HS2ST1_PROT,1,CMIP_PROT,0,HBA1_PROT,0,C1orf52_PROT,0,PIK3R3_PROT,0,TRAPPC11_PROT,0,SMPD2_PROT,0,PPIC_PROT,3,MBOAT2_PROT,0,ARHGAP27_PROT,2,POFUT2_PROT,1,TRIM16_PROT,1,SUCLG2_PROT,1,MT1X_PROT,2,PGAM5_PROT,0,CDK5RAP3_PROT,0,PDLIM1_PROT,0,GNB2_PROT,1,STBD1_PROT,0,TNFAIP3_PROT,0,RABL3_PROT,2,SLC39A14_PROT,2,RGS14_PROT,0,45910_PROT_PROT,1,MECR_PROT,2,LCP2_PROT,3,MBNL2_PROT,1,WASL_PROT,1,GMFB_PROT,1,RAB23_PROT,0,USP54_PROT,0,CDC42BPA_PROT,0,PDXDC1_PROT,0,GLS_PROT,0,RBM4B_PROT,0,PPP1CC_PROT,2,ANKMY2_PROT,0,ARID1A_PROT,1,ULBP2_PROT,1,RRAS2_PROT,2,CLDN1_PROT,1,SGTA_PROT,0,DIS3L2_PROT,0,CUEDC1_PROT,0,PIGQ_PROT,0,RBMS2_PROT,1,WDR11_PROT,0,EFCAB4B_PROT,0,ARHGAP15_PROT,2,HEG1_PROT,1,TSPAN6_PROT,0,FKBP5_PROT,0,RASSF8_PROT,0,B3GNT1_PROT,2,RNASEH2C_PROT,2,RCSD1_PROT,1,IGSF3_PROT,1,ADPRHL2_PROT,0,RAB38_PROT,0,ITGAV_PROT,0,LYPLA1_PROT,0,ZFYVE16_PROT,0,ITM2B_PROT,1,DOCK2_PROT,0,RBM41_PROT,2
